PRAGMA foreign_keys=OFF;
BEGIN TRANSACTION;
CREATE TABLE IF NOT EXISTS "migrations" ("id" integer primary key autoincrement not null, "migration" varchar not null, "batch" integer not null);
INSERT INTO migrations VALUES(1,'0001_01_01_000000_create_users_table',1);
INSERT INTO migrations VALUES(2,'0001_01_01_000001_create_cache_table',1);
INSERT INTO migrations VALUES(3,'0001_01_01_000002_create_jobs_table',1);
INSERT INTO migrations VALUES(4,'2026_03_08_000001_create_schools_table',1);
INSERT INTO migrations VALUES(5,'2026_03_08_000002_add_role_school_profile_to_users_table',1);
INSERT INTO migrations VALUES(6,'2026_03_08_000003_create_classes_table',1);
INSERT INTO migrations VALUES(7,'2026_03_08_000004_create_subjects_table',1);
INSERT INTO migrations VALUES(8,'2026_03_08_000005_create_students_table',1);
INSERT INTO migrations VALUES(9,'2026_03_08_000006_create_parent_child_table',1);
INSERT INTO migrations VALUES(10,'2026_03_08_000007_create_teacher_class_table',1);
INSERT INTO migrations VALUES(11,'2026_03_08_000008_create_timetables_table',1);
INSERT INTO migrations VALUES(12,'2026_03_08_000009_create_attendance_table',1);
INSERT INTO migrations VALUES(13,'2026_03_08_000010_create_homeworks_table',1);
INSERT INTO migrations VALUES(14,'2026_03_08_000011_create_homeworkstatus_table',1);
INSERT INTO migrations VALUES(15,'2026_03_08_000012_create_scores_table',1);
INSERT INTO migrations VALUES(16,'2026_03_08_000013_create_leaverequest_table',1);
INSERT INTO migrations VALUES(17,'2026_03_08_000014_create_announcements_table',1);
INSERT INTO migrations VALUES(18,'2026_03_08_000015_create_messages_table',1);
INSERT INTO migrations VALUES(19,'2026_03_08_000016_create_notification_table',1);
INSERT INTO migrations VALUES(20,'2026_03_08_000017_create_incidentreport_table',1);
INSERT INTO migrations VALUES(21,'2026_03_09_003823_create_personal_access_tokens_table',1);
INSERT INTO migrations VALUES(22,'2026_03_09_200000_create_audit_logs_table',1);
INSERT INTO migrations VALUES(23,'2026_03_10_000001_add_soft_deletes_to_core_tables',1);
INSERT INTO migrations VALUES(24,'2026_03_10_000002_expand_users_image_url_length',1);
INSERT INTO migrations VALUES(25,'2026_03_10_000003_add_profile_fields_for_csv_import',1);
INSERT INTO migrations VALUES(26,'2026_03_10_000004_add_assessment_fields_to_scores_table',1);
INSERT INTO migrations VALUES(27,'2026_03_11_000001_add_room_to_classes_table',1);
INSERT INTO migrations VALUES(28,'2026_03_11_000002_upgrade_to_academic_management_schema',1);
INSERT INTO migrations VALUES(29,'2026_03_11_000003_add_unique_user_links_to_guardians_teachers',1);
INSERT INTO migrations VALUES(30,'2026_03_11_120000_add_school_code_to_schools_table',1);
INSERT INTO migrations VALUES(31,'2026_03_11_130000_make_students_class_id_nullable',1);
INSERT INTO migrations VALUES(32,'2026_03_11_150000_create_media_table',1);
INSERT INTO migrations VALUES(33,'2026_03_11_160000_add_file_attachments_to_announcements_table',1);
INSERT INTO migrations VALUES(34,'2026_03_13_000001_add_due_time_to_homeworks_table',1);
INSERT INTO migrations VALUES(35,'2026_03_14_000002_add_full_score_to_subjects_table',1);
INSERT INTO migrations VALUES(36,'2026_03_14_000003_add_target_fields_to_announcements_table',1);
INSERT INTO migrations VALUES(37,'2026_03_14_000004_expand_leave_request_flow_fields',1);
INSERT INTO migrations VALUES(38,'2026_03_14_000005_create_leave_request_recipients_table',1);
INSERT INTO migrations VALUES(39,'2026_03_14_000006_create_message_reads_table',1);
INSERT INTO migrations VALUES(40,'2026_03_21_000001_add_subject_id_to_attendance_table',2);
CREATE TABLE IF NOT EXISTS "password_reset_tokens" ("email" varchar not null, "token" varchar not null, "created_at" datetime, primary key ("email"));
CREATE TABLE IF NOT EXISTS "sessions" ("id" varchar not null, "user_id" integer, "ip_address" varchar, "user_agent" text, "payload" text not null, "last_activity" integer not null, primary key ("id"));
INSERT INTO sessions VALUES('TGHjxvF7lhe8fH7sa9Lv4WkNM2dgYRU5RqZsx5s1',12,'127.0.0.1','Symfony','YTo2OntzOjUwOiJsb2dpbl93ZWJfNTliYTM2YWRkYzJiMmY5NDAxNTgwZjAxNGM3ZjU4ZWE0ZTMwOTg5ZCI7aToxMjtzOjY6Il90b2tlbiI7czo0MDoiZzZKN0Z6aG5Sd1o5MGFQQWxCcTlIMk4xa0N5SWVGTVhXRWVuRmwydiI7czoxMzoid2ViX2FwaV90b2tlbiI7czo1MDoiM3xlZm1ZTkRCTmRHR1VKRzVBdVRHOXZGM1ZsZWxGUXJZc09SelJkWkYwZjliM2ExZDMiO3M6MTY6IndlYl9hcGlfdG9rZW5faWQiO2k6MztzOjk6Il9wcmV2aW91cyI7YToyOntzOjM6InVybCI7czozMToiaHR0cDovLzEyNy4wLjAuMTo4MDAxL2Rhc2hib2FyZCI7czo1OiJyb3V0ZSI7czo5OiJkYXNoYm9hcmQiO31zOjY6Il9mbGFzaCI7YToyOntzOjM6Im9sZCI7YTowOnt9czozOiJuZXciO2E6MDp7fX19',1774024451);
INSERT INTO sessions VALUES('kjrSfz25Uv3zZBjikmFy4113G7YWIKy0cMMiq6HQ',12,'127.0.0.1','Mozilla/5.0 (Macintosh; Intel Mac OS X 10_15_7) AppleWebKit/537.36 (KHTML, like Gecko) Chrome/146.0.0.0 Safari/537.36','YTo2OntzOjY6Il90b2tlbiI7czo0MDoidVBra1Zrc00wc2ZVcTRycGpYT3BuamJBT0UxTnBsM0xvcWIwREEyayI7czo2OiJfZmxhc2giO2E6Mjp7czozOiJvbGQiO2E6MDp7fXM6MzoibmV3IjthOjA6e319czo5OiJfcHJldmlvdXMiO2E6Mjp7czozOiJ1cmwiO3M6Mzc6Imh0dHA6Ly8xMjcuMC4wLjE6ODAwMC9hZG1pbi9kYXNoYm9hcmQiO3M6NToicm91dGUiO3M6MTU6ImFkbWluLmRhc2hib2FyZCI7fXM6NTA6ImxvZ2luX3dlYl81OWJhMzZhZGRjMmIyZjk0MDE1ODBmMDE0YzdmNThlYTRlMzA5ODlkIjtpOjEyO3M6MTM6IndlYl9hcGlfdG9rZW4iO3M6NTA6IjR8U0llU2ZsNjVrZ1dxcUpTYkx0cnNDQmNDUHRNdFc2QjJERjhobDAxNDY2NTJjMTIxIjtzOjE2OiJ3ZWJfYXBpX3Rva2VuX2lkIjtpOjQ7fQ==',1774024879);
INSERT INTO sessions VALUES('ndMQQFDcYuW1vhOGtracTo6sq4qcef9cI69ZvtTu',11,'127.0.0.1','Mozilla/5.0 (Macintosh; Intel Mac OS X 10_15_7) AppleWebKit/605.1.15 (KHTML, like Gecko) Version/26.3.1 Safari/605.1.15','YTo4OntzOjY6Il90b2tlbiI7czo0MDoibmsxb1hnM3NOYWpzVGNvNTRhdFI3RTlVN0pWaHYwbDFrM2trczNKbiI7czozOiJ1cmwiO2E6MDp7fXM6OToiX3ByZXZpb3VzIjthOjI6e3M6MzoidXJsIjtzOjM1OiJodHRwOi8vMTI3LjAuMC4xOjgwMDAvcGFuZWwvY2xhc3NlcyI7czo1OiJyb3V0ZSI7czoxOToicGFuZWwuY2xhc3Nlcy5pbmRleCI7fXM6NjoiX2ZsYXNoIjthOjI6e3M6Mzoib2xkIjthOjA6e31zOjM6Im5ldyI7YTowOnt9fXM6NjoibG9jYWxlIjtzOjI6ImttIjtzOjUwOiJsb2dpbl93ZWJfNTliYTM2YWRkYzJiMmY5NDAxNTgwZjAxNGM3ZjU4ZWE0ZTMwOTg5ZCI7aToxMTtzOjEzOiJ3ZWJfYXBpX3Rva2VuIjtzOjUwOiI1fGQ5bnlPanFxaWlOZUlBS1dFY1lhNk96Z2hzRkpucGltV3MyaTlMSnk1MzBmYTEwMSI7czoxNjoid2ViX2FwaV90b2tlbl9pZCI7aTo1O30=',1774024817);
INSERT INTO sessions VALUES('iGsvqitDXfZcpE9hiQolsFa9yprA2Fb8fgQJJ8rQ',13,'127.0.0.1','Mozilla/5.0 (Macintosh; Intel Mac OS X 10_15_7) AppleWebKit/537.36 (KHTML, like Gecko) Chrome/146.0.0.0 Safari/537.36','YTo4OntzOjY6Il90b2tlbiI7czo0MDoiUE5YMnBwbTFxd1pPd0E5dHp6eGJ6M3pOZ2VPV0JvZ1EzOXBRcUZnYSI7czo2OiJfZmxhc2giO2E6Mjp7czozOiJvbGQiO2E6MDp7fXM6MzoibmV3IjthOjA6e319czo5OiJfcHJldmlvdXMiO2E6Mjp7czozOiJ1cmwiO3M6MTQ2OiJodHRwOi8vMTI3LjAuMC4xOjgwMDAvcGFuZWwvYXR0ZW5kYW5jZT9jbGFzc19pZD0mZGF0ZV9mcm9tPTIwMjYtMDMtMjEmZGF0ZV90bz0yMDI2LTAzLTIxJm1vbnRoPTIwMjYtMDMmcGVyX3BhZ2U9MjAmc3RhdHVzPSZzdHVkZW50X2lkPSZzdWJqZWN0X2lkPSI7czo1OiJyb3V0ZSI7czoyMjoicGFuZWwuYXR0ZW5kYW5jZS5pbmRleCI7fXM6NTA6ImxvZ2luX3dlYl81OWJhMzZhZGRjMmIyZjk0MDE1ODBmMDE0YzdmNThlYTRlMzA5ODlkIjtpOjEzO3M6MTM6IndlYl9hcGlfdG9rZW4iO3M6NTA6Ijd8akp4eFFYVmExV0dCbVJmd29Oa3BpbWxsd09aaWFTRmF2YW5yZTl6UjE1ZmUwYjA5IjtzOjE2OiJ3ZWJfYXBpX3Rva2VuX2lkIjtpOjc7czo2OiJsb2NhbGUiO3M6Mjoia20iO3M6MTc6InBhc3N3b3JkX2hhc2hfd2ViIjtzOjY0OiI4NzdkNWZiMGUwMDU5M2NkYWRhMWI2YjU4ZDJmMmE2ZGU2NDcxM2U0MDRlYmY3MWMyODZkMTA0YjBlYjM5OGJmIjt9',1774074366);
INSERT INTO sessions VALUES('IZdNrBKeZYEN7qNnRsX5FJuzPWAS1PeWJzXWuVUm',NULL,'127.0.0.1','Mozilla/5.0 (Macintosh; Intel Mac OS X 10_15_7) AppleWebKit/605.1.15 (KHTML, like Gecko) Version/26.3.1 Safari/605.1.15','YTo0OntzOjY6Il90b2tlbiI7czo0MDoiclJsaXFIUUVqSFZjd213TkJUejRpdEoxbHhFNjc1VXJaNWd3NEZsRyI7czozOiJ1cmwiO2E6MTp7czo4OiJpbnRlbmRlZCI7czo0MjoiaHR0cDovLzEyNy4wLjAuMTo4MDAwL3BhbmVsL2NsYXNzZXMvY3JlYXRlIjt9czo5OiJfcHJldmlvdXMiO2E6Mjp7czozOiJ1cmwiO3M6Mjc6Imh0dHA6Ly8xMjcuMC4wLjE6ODAwMC9sb2dpbiI7czo1OiJyb3V0ZSI7czo1OiJsb2dpbiI7fXM6NjoiX2ZsYXNoIjthOjI6e3M6Mzoib2xkIjthOjA6e31zOjM6Im5ldyI7YTowOnt9fX0=',1774069675);
CREATE TABLE IF NOT EXISTS "cache" ("key" varchar not null, "value" text not null, "expiration" integer not null, primary key ("key"));
CREATE TABLE IF NOT EXISTS "cache_locks" ("key" varchar not null, "owner" varchar not null, "expiration" integer not null, primary key ("key"));
CREATE TABLE IF NOT EXISTS "jobs" ("id" integer primary key autoincrement not null, "queue" varchar not null, "payload" text not null, "attempts" integer not null, "reserved_at" integer, "available_at" integer not null, "created_at" integer not null);
CREATE TABLE IF NOT EXISTS "job_batches" ("id" varchar not null, "name" varchar not null, "total_jobs" integer not null, "pending_jobs" integer not null, "failed_jobs" integer not null, "failed_job_ids" text not null, "options" text, "cancelled_at" integer, "created_at" integer not null, "finished_at" integer, primary key ("id"));
CREATE TABLE IF NOT EXISTS "failed_jobs" ("id" integer primary key autoincrement not null, "uuid" varchar not null, "connection" text not null, "queue" text not null, "payload" text not null, "exception" text not null, "failed_at" datetime not null default CURRENT_TIMESTAMP);
CREATE TABLE IF NOT EXISTS "schools" ("id" integer primary key autoincrement not null, "name" varchar not null, "location" varchar, "config_details" text, "created_at" datetime, "updated_at" datetime, "school_code" varchar);
INSERT INTO schools VALUES(2,'sala laor','Siem Reap','{"timezone":"Asia\/Phnom_Penh","academic_year":"2025-2026","language":"km"}','2026-03-20 15:21:32','2026-03-20 16:09:15','BRANCH-001');
CREATE TABLE IF NOT EXISTS "classes" ("id" integer primary key autoincrement not null, "name" varchar not null, "grade_level" varchar, "school_id" integer not null, "created_at" datetime, "updated_at" datetime, "deleted_at" datetime, "room" varchar, "class_name" varchar, foreign key("school_id") references "schools"("id") on delete cascade);
INSERT INTO classes VALUES(3,'B1','Grade 9',2,'2026-03-20 15:21:32','2026-03-20 15:21:32',NULL,'R-221',NULL);
INSERT INTO classes VALUES(4,'12','12',2,'2026-03-21 04:50:45','2026-03-21 04:50:45',NULL,NULL,NULL);
CREATE TABLE IF NOT EXISTS "subjects" ("id" integer primary key autoincrement not null, "name" varchar not null, "school_id" integer not null, "created_at" datetime, "updated_at" datetime, "subject_code" varchar, "subject_name" varchar, "is_optional" tinyint(1) not null default '0', "full_score" numeric not null default '100', foreign key("school_id") references "schools"("id") on delete cascade);
INSERT INTO subjects VALUES(14,'Science',2,'2026-03-20 15:21:32','2026-03-20 15:21:32',NULL,NULL,0,100);
CREATE TABLE IF NOT EXISTS "parent_child" ("parent_id" integer not null, "student_id" integer not null, "created_at" datetime, "updated_at" datetime, foreign key("parent_id") references "users"("id") on delete cascade, foreign key("student_id") references "students"("id") on delete cascade);
CREATE TABLE IF NOT EXISTS "teacher_class" ("teacher_id" integer not null, "class_id" integer not null, "subject_id" integer not null, "created_at" datetime, "updated_at" datetime, foreign key("teacher_id") references "users"("id") on delete cascade, foreign key("class_id") references "classes"("id") on delete cascade, foreign key("subject_id") references "subjects"("id") on delete cascade);
INSERT INTO teacher_class VALUES(9,3,14,'2026-03-20 15:21:32','2026-03-20 15:21:32');
INSERT INTO teacher_class VALUES(13,4,14,'2026-03-21 04:50:45','2026-03-21 04:50:45');
CREATE TABLE IF NOT EXISTS "homeworks" ("id" integer primary key autoincrement not null, "class_id" integer not null, "subject_id" integer not null, "title" varchar not null, "question" text, "due_date" date, "file_attachments" text, "created_at" datetime, "updated_at" datetime, "due_time" time, foreign key("class_id") references "classes"("id") on delete cascade, foreign key("subject_id") references "subjects"("id") on delete cascade);
CREATE TABLE IF NOT EXISTS "homeworkstatus" ("id" integer primary key autoincrement not null, "homework_id" integer not null, "student_id" integer not null, "status" varchar not null, "completion_date" date, "created_at" datetime, "updated_at" datetime, foreign key("homework_id") references "homeworks"("id") on delete cascade, foreign key("student_id") references "students"("id") on delete cascade);
CREATE TABLE IF NOT EXISTS "scores" ("id" integer primary key autoincrement not null, "student_id" integer not null, "subject_id" integer not null, "class_id" integer not null, "exam_score" numeric not null default '0', "total_score" numeric not null default '0', "month" integer, "quarter" integer, "period" varchar, "grade" varchar, "created_at" datetime, "updated_at" datetime, "assessment_type" varchar not null default 'monthly', "semester" integer, "academic_year" varchar, "rank_in_class" integer, foreign key("student_id") references "students"("id") on delete cascade, foreign key("subject_id") references "subjects"("id") on delete cascade, foreign key("class_id") references "classes"("id") on delete cascade);
INSERT INTO scores VALUES(3,3,14,3,65,69,3,1,'Diagnostic','D','2026-03-20 15:21:32','2026-03-20 15:21:32','monthly',NULL,NULL,NULL);
CREATE TABLE IF NOT EXISTS "messages" ("id" integer primary key autoincrement not null, "sender_id" integer not null, "receiver_id" integer, "class_id" integer, "content" text not null, "date" datetime not null, "created_at" datetime, "updated_at" datetime, foreign key("sender_id") references "users"("id") on delete cascade, foreign key("receiver_id") references "users"("id") on delete set null, foreign key("class_id") references "classes"("id") on delete set null);
INSERT INTO messages VALUES(1,3,NULL,NULL,'Please submit your homework before 5 PM.','2026-03-20 15:21:32','2026-03-20 15:21:32','2026-03-20 15:21:32');
INSERT INTO messages VALUES(2,3,7,NULL,'Student progress is improving this week.','2026-03-20 14:21:32','2026-03-20 15:21:32','2026-03-20 15:21:32');
CREATE TABLE IF NOT EXISTS "notification" ("id" integer primary key autoincrement not null, "user_id" integer not null, "title" varchar not null, "content" text not null, "date" datetime not null, "read_status" tinyint(1) not null default '0', foreign key("user_id") references "users"("id") on delete cascade);
INSERT INTO notification VALUES(1,5,'New announcement','School Meeting','2026-03-20 15:21:32',0);
INSERT INTO notification VALUES(2,7,'Incident update','Please review latest incident report.','2026-03-20 14:51:32',0);
INSERT INTO notification VALUES(3,10,'Welcome','Your branch account is ready.','2026-03-20 15:21:32',0);
CREATE TABLE IF NOT EXISTS "incidentreport" ("id" integer primary key autoincrement not null, "student_id" integer not null, "description" text not null, "date" date not null, "type" varchar, "acknowledged" tinyint(1) not null default '0', "reporter_id" integer, "created_at" datetime, "updated_at" datetime, foreign key("student_id") references "students"("id") on delete cascade, foreign key("reporter_id") references "users"("id") on delete set null);
CREATE TABLE IF NOT EXISTS "personal_access_tokens" ("id" integer primary key autoincrement not null, "tokenable_type" varchar not null, "tokenable_id" integer not null, "name" text not null, "token" varchar not null, "abilities" text, "last_used_at" datetime, "expires_at" datetime, "created_at" datetime, "updated_at" datetime);
INSERT INTO personal_access_tokens VALUES(1,'App\Models\User',1,'web-panel-auto','5db9dde8885460844cf3e8a75bc0d90b9cc21dd8ee0817e9311da7376ce245ca','["*"]','2026-03-20 15:21:32',NULL,'2026-03-20 15:21:32','2026-03-20 15:21:32');
INSERT INTO personal_access_tokens VALUES(3,'App\Models\User',12,'web-panel','81cbf56e8cf7feaa80c822c1cd994f0e61b6ced8db70ef0a1ac4a50ddb11c523','["*"]',NULL,NULL,'2026-03-20 16:34:11','2026-03-20 16:34:11');
INSERT INTO personal_access_tokens VALUES(4,'App\Models\User',12,'web-panel','af74d0211258a2090326cd96c2a8612d884a89399fba1c417d9e6c7134394a38','["*"]',NULL,NULL,'2026-03-20 16:38:10','2026-03-20 16:38:10');
INSERT INTO personal_access_tokens VALUES(5,'App\Models\User',11,'web-panel','2d5ccddd7a5fe24a72abe19030a41c8f96f5e057a58b6c0a50dc35ec812101dd','["*"]',NULL,NULL,'2026-03-20 16:40:16','2026-03-20 16:40:16');
INSERT INTO personal_access_tokens VALUES(7,'App\Models\User',13,'web-panel','3334d3e5ee33ab791a4e57d7237e56befdc84acc3dbf7828d731268c43335f0d','["*"]',NULL,NULL,'2026-03-21 04:59:31','2026-03-21 04:59:31');
CREATE TABLE IF NOT EXISTS "audit_logs" ("id" integer primary key autoincrement not null, "actor_id" integer, "school_id" integer, "actor_name" varchar not null, "actor_role" varchar not null, "method" varchar not null, "endpoint" varchar not null, "action" varchar not null, "resource_type" varchar, "resource_id" integer, "ip_address" varchar, "user_agent" text, "request_payload" text, "status_code" integer, "created_at" datetime, "updated_at" datetime, foreign key("actor_id") references "users"("id") on delete set null, foreign key("school_id") references "schools"("id") on delete set null);
INSERT INTO audit_logs VALUES(1,11,NULL,'Rorny Mat','super-admin','DELETE','/api/users/2','DELETE /api/users/2','users',2,'127.0.0.1','Symfony','[]',200,'2026-03-20 16:05:28','2026-03-20 16:05:28');
INSERT INTO audit_logs VALUES(2,11,NULL,'Rorny Mat','super-admin','POST','/api/users/bulk-delete','POST /api/users/bulk-delete','users',NULL,'127.0.0.1','Symfony','{"user_ids":["10","9","8","7","6","5","4","3","1"]}',200,'2026-03-20 16:05:57','2026-03-20 16:05:57');
INSERT INTO audit_logs VALUES(3,11,NULL,'Rorny Mat','super-admin','POST','/api/users/import/csv','POST /api/users/import/csv','users',NULL,'127.0.0.1','Symfony','{"role":"teacher","file":"\/private\/var\/folders\/8v\/20sz8qbd67d6_rf6xc8kfd140000gn\/T\/phpo5q7updiuga50E2Dh0D"}',201,'2026-03-20 16:06:25','2026-03-20 16:06:25');
INSERT INTO audit_logs VALUES(4,11,NULL,'Rorny Mat','super-admin','PUT','/api/schools/2','PUT /api/schools/2','schools',2,'127.0.0.1','Symfony','{"name":"sala laor","school_code":"BRANCH-001","location":"Siem Reap","config_details":{"timezone":"Asia\/Phnom_Penh","academic_year":"2025-2026","language":"km"}}',200,'2026-03-20 16:09:15','2026-03-20 16:09:15');
INSERT INTO audit_logs VALUES(5,11,NULL,'Rorny Mat','super-admin','DELETE','/api/schools/1','DELETE /api/schools/1','schools',1,'127.0.0.1','Symfony','[]',200,'2026-03-20 16:09:20','2026-03-20 16:09:20');
INSERT INTO audit_logs VALUES(6,11,2,'Rorny Mat','super-admin','POST','/api/users','POST /api/users','users',NULL,'127.0.0.1','Symfony','{"school_id":"2","role":"admin","first_name":null,"last_name":null,"khmer_name":null,"admin_name":"ICT salsa laor","email":"matt.rorny2023@diu.edu.kh","phone":"0969144911","gender":null,"dob":null,"address":null,"bio":null,"image_url":null,"active":"1","name":"ICT salsa laor"}',201,'2026-03-20 16:10:38','2026-03-20 16:10:38');
INSERT INTO audit_logs VALUES(7,11,2,'Rorny Mat','super-admin','POST','/api/users','POST /api/users','users',NULL,'127.0.0.1','Symfony','{"school_id":"2","role":"admin","first_name":null,"last_name":null,"khmer_name":null,"admin_name":"ICT salsa laor","email":"matt.rorny2023@diu.edu.kh","phone":"0969144911","gender":null,"dob":null,"address":null,"bio":null,"image_url":null,"active":"1","name":"ICT salsa laor"}',422,'2026-03-20 16:10:39','2026-03-20 16:10:39');
INSERT INTO audit_logs VALUES(8,12,2,'ICT salsa laor','admin','POST','/api/users','POST /api/users','users',NULL,'127.0.0.1','Symfony','{"role":"teacher","first_name":"teacher","last_name":"rorny","khmer_name":"matt","admin_name":null,"email":"khmerteacher95@gmail.com","phone":"0965118255","gender":"male","dob":"2026-03-21","address":"Battambang","bio":null,"image_url":null,"active":"1","name":"teacher rorny"}',201,'2026-03-21 04:45:27','2026-03-21 04:45:27');
INSERT INTO audit_logs VALUES(9,12,2,'ICT salsa laor','admin','POST','/api/users/import/csv','POST /api/users/import/csv','users',NULL,'127.0.0.1','Symfony','{"role":"teacher","file":"\/private\/var\/folders\/8v\/20sz8qbd67d6_rf6xc8kfd140000gn\/T\/php5iafhkar5fp0a54TisL"}',201,'2026-03-21 04:48:00','2026-03-21 04:48:00');
INSERT INTO audit_logs VALUES(10,12,2,'ICT salsa laor','admin','POST','/api/classes','POST /api/classes','classes',NULL,'127.0.0.1','Symfony','{"name":"12","grade_level":"12","room":null}',201,'2026-03-21 04:50:45','2026-03-21 04:50:45');
INSERT INTO audit_logs VALUES(11,12,2,'ICT salsa laor','admin','PUT','/api/students/170','PUT /api/students/170','students',170,'127.0.0.1','Symfony','{"class_id":4}',200,'2026-03-21 04:50:45','2026-03-21 04:50:45');
INSERT INTO audit_logs VALUES(12,12,2,'ICT salsa laor','admin','PUT','/api/students/205','PUT /api/students/205','students',205,'127.0.0.1','Symfony','{"class_id":4}',200,'2026-03-21 04:50:45','2026-03-21 04:50:45');
INSERT INTO audit_logs VALUES(13,12,2,'ICT salsa laor','admin','PUT','/api/students/4','PUT /api/students/4','students',4,'127.0.0.1','Symfony','{"class_id":4}',200,'2026-03-21 04:50:45','2026-03-21 04:50:45');
INSERT INTO audit_logs VALUES(14,12,2,'ICT salsa laor','admin','PUT','/api/students/177','PUT /api/students/177','students',177,'127.0.0.1','Symfony','{"class_id":4}',200,'2026-03-21 04:50:45','2026-03-21 04:50:45');
INSERT INTO audit_logs VALUES(15,12,2,'ICT salsa laor','admin','PUT','/api/students/121','PUT /api/students/121','students',121,'127.0.0.1','Symfony','{"class_id":4}',200,'2026-03-21 04:50:45','2026-03-21 04:50:45');
INSERT INTO audit_logs VALUES(16,12,2,'ICT salsa laor','admin','PUT','/api/students/33','PUT /api/students/33','students',33,'127.0.0.1','Symfony','{"class_id":4}',200,'2026-03-21 04:50:45','2026-03-21 04:50:45');
INSERT INTO audit_logs VALUES(17,12,2,'ICT salsa laor','admin','PUT','/api/students/180','PUT /api/students/180','students',180,'127.0.0.1','Symfony','{"class_id":4}',200,'2026-03-21 04:50:45','2026-03-21 04:50:45');
INSERT INTO audit_logs VALUES(18,12,2,'ICT salsa laor','admin','PUT','/api/students/71','PUT /api/students/71','students',71,'127.0.0.1','Symfony','{"class_id":4}',200,'2026-03-21 04:50:45','2026-03-21 04:50:45');
INSERT INTO audit_logs VALUES(19,12,2,'ICT salsa laor','admin','PUT','/api/students/35','PUT /api/students/35','students',35,'127.0.0.1','Symfony','{"class_id":4}',200,'2026-03-21 04:50:45','2026-03-21 04:50:45');
INSERT INTO audit_logs VALUES(20,12,2,'ICT salsa laor','admin','PUT','/api/students/114','PUT /api/students/114','students',114,'127.0.0.1','Symfony','{"class_id":4}',200,'2026-03-21 04:50:45','2026-03-21 04:50:45');
INSERT INTO audit_logs VALUES(21,12,2,'ICT salsa laor','admin','PUT','/api/students/136','PUT /api/students/136','students',136,'127.0.0.1','Symfony','{"class_id":4}',200,'2026-03-21 04:50:45','2026-03-21 04:50:45');
INSERT INTO audit_logs VALUES(22,12,2,'ICT salsa laor','admin','PUT','/api/students/58','PUT /api/students/58','students',58,'127.0.0.1','Symfony','{"class_id":4}',200,'2026-03-21 04:50:45','2026-03-21 04:50:45');
INSERT INTO audit_logs VALUES(23,12,2,'ICT salsa laor','admin','PUT','/api/students/95','PUT /api/students/95','students',95,'127.0.0.1','Symfony','{"class_id":4}',200,'2026-03-21 04:50:45','2026-03-21 04:50:45');
INSERT INTO audit_logs VALUES(24,12,2,'ICT salsa laor','admin','PUT','/api/students/59','PUT /api/students/59','students',59,'127.0.0.1','Symfony','{"class_id":4}',200,'2026-03-21 04:50:45','2026-03-21 04:50:45');
INSERT INTO audit_logs VALUES(25,12,2,'ICT salsa laor','admin','PUT','/api/students/34','PUT /api/students/34','students',34,'127.0.0.1','Symfony','{"class_id":4}',200,'2026-03-21 04:50:45','2026-03-21 04:50:45');
INSERT INTO audit_logs VALUES(26,12,2,'ICT salsa laor','admin','PUT','/api/students/94','PUT /api/students/94','students',94,'127.0.0.1','Symfony','{"class_id":4}',200,'2026-03-21 04:50:45','2026-03-21 04:50:45');
INSERT INTO audit_logs VALUES(27,12,2,'ICT salsa laor','admin','PUT','/api/classes/4/teacher-assignments','PUT /api/classes/4/teacher-assignments','classes',4,'127.0.0.1','Symfony','{"assignments":[{"teacher_id":13,"subject_id":14}]}',200,'2026-03-21 04:50:45','2026-03-21 04:50:45');
INSERT INTO audit_logs VALUES(28,12,2,'ICT salsa laor','admin','POST','/api/timetables','POST /api/timetables','timetables',NULL,'127.0.0.1','Symfony','{"class_id":4,"subject_id":14,"teacher_id":13,"day_of_week":"monday","time_start":"07:00","time_end":"08:00"}',201,'2026-03-21 04:50:45','2026-03-21 04:50:45');
CREATE TABLE IF NOT EXISTS "roles" ("role_id" integer primary key autoincrement not null, "role_name" varchar not null);
INSERT INTO roles VALUES(1,'Super Admin');
INSERT INTO roles VALUES(2,'Admin');
INSERT INTO roles VALUES(3,'Teacher');
INSERT INTO roles VALUES(4,'Student');
INSERT INTO roles VALUES(5,'Guardian');
CREATE TABLE IF NOT EXISTS "users" ("id" integer primary key autoincrement not null, "name" varchar not null, "email" varchar not null, "email_verified_at" datetime, "password" varchar not null, "remember_token" varchar, "created_at" datetime, "updated_at" datetime, "school_id" integer, "role" varchar not null default ('student'), "phone" varchar, "password_hash" varchar, "address" varchar, "bio" text, "image_url" text, "active" tinyint(1) not null default ('1'), "last_login" datetime, "deleted_at" datetime, "user_code" varchar, "first_name" varchar, "last_name" varchar, "khmer_name" varchar, "gender" varchar, "dob" date, "username" varchar, "role_id" integer, "is_active" tinyint(1) not null default ('1'), foreign key("school_id") references schools("id") on delete set null on update no action, foreign key("role_id") references "roles"("role_id") on delete set null);
INSERT INTO users VALUES(1,'Super Admin','superadmin@example.com','2026-03-20 15:21:30','$2y$12$o7Ad.Mkfd/v.dXT9n.Lj3uxVk6/GjuBYQdHEz9SC/FgV0ovZMZ3zK',NULL,'2026-03-20 15:21:30','2026-03-20 16:05:57',NULL,'super-admin','+85510000000','$2y$12$o7Ad.Mkfd/v.dXT9n.Lj3uxVk6/GjuBYQdHEz9SC/FgV0ovZMZ3zK','Phnom Penh',NULL,NULL,1,NULL,'2026-03-20 16:05:57',NULL,NULL,NULL,NULL,NULL,NULL,'superadmin',1,1);
INSERT INTO users VALUES(2,'School Admin','admin@example.com','2026-03-20 15:21:30','$2y$12$djFSCWFMWq3pcHSCza4OVOzkK/i7ri/swCqiw7zhaH8lKlheXQPOS',NULL,'2026-03-20 15:21:30','2026-03-20 16:05:28',NULL,'admin','+85510000000','$2y$12$djFSCWFMWq3pcHSCza4OVOzkK/i7ri/swCqiw7zhaH8lKlheXQPOS','Phnom Penh',NULL,NULL,1,NULL,'2026-03-20 16:05:28',NULL,NULL,NULL,NULL,NULL,NULL,'admin',2,1);
INSERT INTO users VALUES(3,'Teacher One','teacher@example.com','2026-03-20 15:21:30','$2y$12$l9qzvRQf/Ay9TBdnTiVkE.X4Mct8fsJ5bxjo8jCsbrTSQjGsnrj5e',NULL,'2026-03-20 15:21:30','2026-03-20 16:05:57',NULL,'teacher','+85510000000','$2y$12$l9qzvRQf/Ay9TBdnTiVkE.X4Mct8fsJ5bxjo8jCsbrTSQjGsnrj5e','Phnom Penh',NULL,NULL,1,NULL,'2026-03-20 16:05:57',NULL,NULL,NULL,NULL,NULL,NULL,'teacher',3,1);
INSERT INTO users VALUES(4,'Teacher Two','teacher2@example.com','2026-03-20 15:21:30','$2y$12$n1/ge88Uzf25Zh5fWzeWJ.ZrHO76unU5zgpK5wZ0EI33q0u5Vt4cS',NULL,'2026-03-20 15:21:31','2026-03-20 16:05:57',NULL,'teacher','1-669-251-6771','$2y$12$n1/ge88Uzf25Zh5fWzeWJ.ZrHO76unU5zgpK5wZ0EI33q0u5Vt4cS',unistr('710 Earnestine Stream Suite 018\u000aDarrellport, OR 94056'),'Sed distinctio sit sint aut eius.','https://via.placeholder.com/640x480.png/001199?text=earum',1,'2026-03-02 15:21:30','2026-03-20 16:05:57',NULL,NULL,NULL,NULL,NULL,NULL,'teacher2',3,1);
INSERT INTO users VALUES(5,'Student One','student@example.com','2026-03-20 15:21:31','$2y$12$nEnU/bgs/ghWNwL80cKVheRUTVXRgQAT3uJtULy2E1ZIrM5EE/gs2',NULL,'2026-03-20 15:21:31','2026-03-20 16:05:57',NULL,'student','+85510000000','$2y$12$nEnU/bgs/ghWNwL80cKVheRUTVXRgQAT3uJtULy2E1ZIrM5EE/gs2','Phnom Penh',NULL,NULL,1,NULL,'2026-03-20 16:05:57',NULL,NULL,NULL,NULL,NULL,NULL,'student',4,1);
INSERT INTO users VALUES(6,'Student Two','student2@example.com','2026-03-20 15:21:31','$2y$12$9Lx.ml6NM/mtovZAyIemEunSv1SdEeFcK2QVVA2gf8H1k8LaaZHVq',NULL,'2026-03-20 15:21:31','2026-03-20 16:05:57',NULL,'student','+1-781-414-3626','$2y$12$9Lx.ml6NM/mtovZAyIemEunSv1SdEeFcK2QVVA2gf8H1k8LaaZHVq',unistr('23689 Langosh Overpass\u000aKreigermouth, OR 74175-0041'),'Quam doloremque occaecati dolore aut est in sed quae.','https://via.placeholder.com/640x480.png/0022ee?text=velit',1,'2026-02-28 15:21:31','2026-03-20 16:05:57',NULL,NULL,NULL,NULL,NULL,NULL,'student2',4,1);
INSERT INTO users VALUES(7,'Parent One','parent@example.com','2026-03-20 15:21:31','$2y$12$EjjZH0lWp/pQfPF6j184yuaBglBvEoO5wydTmWBiKDi4GKgDrsWgK',NULL,'2026-03-20 15:21:31','2026-03-20 16:05:57',NULL,'parent','+85510000000','$2y$12$EjjZH0lWp/pQfPF6j184yuaBglBvEoO5wydTmWBiKDi4GKgDrsWgK','Phnom Penh',NULL,NULL,1,NULL,'2026-03-20 16:05:57',NULL,NULL,NULL,NULL,NULL,NULL,'parent',5,1);
INSERT INTO users VALUES(8,'Parent Two','parent2@example.com','2026-03-20 15:21:31','$2y$12$kpRQpkuFZPvXKYifBmxtbOykQuIPf0ztk3stXO.sQVvkqMa.O2aL2',NULL,'2026-03-20 15:21:32','2026-03-20 16:05:57',NULL,'parent','+1-760-299-7122','$2y$12$kpRQpkuFZPvXKYifBmxtbOykQuIPf0ztk3stXO.sQVvkqMa.O2aL2',unistr('464 Murphy Junction\u000aEast Calistaburgh, AR 40820-8968'),'Neque quo iure blanditiis autem.','https://via.placeholder.com/640x480.png/0022ee?text=explicabo',1,'2026-02-20 15:21:31','2026-03-20 16:05:57',NULL,NULL,NULL,NULL,NULL,NULL,'parent2',5,1);
INSERT INTO users VALUES(9,'Branch Teacher','branch-teacher@example.com','2026-03-20 15:21:32','$2y$12$dU65ancDi1A86WVtB46iNOQR7AJJd1Q4F78h..iw3.cRyd0xN.Gaa',NULL,'2026-03-20 15:21:32','2026-03-20 16:05:57',2,'teacher','+1 (364) 350-2891','$2y$12$dU65ancDi1A86WVtB46iNOQR7AJJd1Q4F78h..iw3.cRyd0xN.Gaa',unistr('76197 Cruz Ways Suite 032\u000aHeathcoteview, VA 95695-3388'),'Id repudiandae explicabo rem aut voluptatum exercitationem.','https://via.placeholder.com/640x480.png/002277?text=repudiandae',1,'2026-03-18 15:21:32','2026-03-20 16:05:57',NULL,NULL,NULL,NULL,NULL,NULL,'branch_teacher',3,1);
INSERT INTO users VALUES(10,'Branch Student','branch-student@example.com','2026-03-20 15:21:32','$2y$12$/LZieIibEmHH/A.GarION.vK7B9nMSPP1/mgz6JZbipsPmctsm0Kq',NULL,'2026-03-20 15:21:32','2026-03-20 16:05:57',2,'student','417-529-2799','$2y$12$/LZieIibEmHH/A.GarION.vK7B9nMSPP1/mgz6JZbipsPmctsm0Kq',unistr('2040 Hessel Harbor\u000aAlbaville, NC 32307'),'Recusandae quia magni impedit amet hic odio.','https://via.placeholder.com/640x480.png/006666?text=qui',1,'2026-03-02 15:21:32','2026-03-20 16:05:57',NULL,NULL,NULL,NULL,NULL,NULL,'branch_student',4,1);
INSERT INTO users VALUES(11,'Rorny Mat','rornymat141@gmail.com','2026-03-20 15:56:14','$2y$12$iTejQH3Hu9l01qRmuxEsZepS.dDfWGMp9DZWzQxyG2tFqOus6ymUO',NULL,'2026-03-20 15:56:14','2026-03-20 15:56:14',NULL,'super-admin','+85510000000','$2y$12$iTejQH3Hu9l01qRmuxEsZepS.dDfWGMp9DZWzQxyG2tFqOus6ymUO','Phnom Penh',NULL,NULL,1,NULL,NULL,NULL,NULL,NULL,NULL,NULL,NULL,'rornymat141',1,1);
INSERT INTO users VALUES(12,'ICT salsa laor','matt.rorny2023@diu.edu.kh','2026-03-20 16:16:17','$2y$12$HkyXYcitTPUNy/yRWNSytOWvjW0qPzs0ytKfp50.iY/tZyXmya4yG',NULL,'2026-03-20 16:10:34','2026-03-20 16:16:17',2,'admin','0969144911','$2y$12$HkyXYcitTPUNy/yRWNSytOWvjW0qPzs0ytKfp50.iY/tZyXmya4yG',NULL,NULL,NULL,1,NULL,NULL,'ADM-MATTRO-0001',NULL,NULL,NULL,NULL,NULL,'matt_rorny2023',2,1);
INSERT INTO users VALUES(13,'teacher rorny','khmerteacher95@gmail.com','2026-03-21 04:59:31','$2y$12$cmT9mpxCiceNB6okYCQbkul0Mm4h6rhY7aPpSvP4PbDXq9uWwVOqS',NULL,'2026-03-21 04:45:23','2026-03-21 04:59:31',2,'teacher','0965118255','$2y$12$cmT9mpxCiceNB6okYCQbkul0Mm4h6rhY7aPpSvP4PbDXq9uWwVOqS','Battambang',NULL,NULL,1,NULL,NULL,'TCH-KHMERT-0001','teacher','rorny','matt','male','2026-03-21 00:00:00','khmerteacher95',3,1);
INSERT INTO users VALUES(14,'Broseu Chamreunsak','Broseu.Chamreunsak@diu.edu.kh',NULL,'$2y$12$OzWbp0XwUHBKkF1fkN3DcuEdTjlKfzbPg6gpuLp1obX1wwjx1qdIG',NULL,'2026-03-21 04:47:59','2026-03-21 04:47:59',2,'student',NULL,'$2y$12$OzWbp0XwUHBKkF1fkN3DcuEdTjlKfzbPg6gpuLp1obX1wwjx1qdIG',NULL,NULL,NULL,1,NULL,NULL,'BROSEUCHAMRE','Broseu','Chamreunsak','Broseu Chamreunsak',NULL,NULL,'broseu_chamreunsak',4,1);
INSERT INTO users VALUES(15,'Ra Benly','Ra.Benly@diu.edu.kh',NULL,'$2y$12$OzWbp0XwUHBKkF1fkN3DcuEdTjlKfzbPg6gpuLp1obX1wwjx1qdIG',NULL,'2026-03-21 04:47:59','2026-03-21 04:47:59',2,'student',NULL,'$2y$12$OzWbp0XwUHBKkF1fkN3DcuEdTjlKfzbPg6gpuLp1obX1wwjx1qdIG',NULL,NULL,NULL,1,NULL,NULL,'RABENLYATDIU','Ra','Benly','Ra Benly',NULL,NULL,'ra_benly',4,1);
INSERT INTO users VALUES(16,'Rith Vorngdaravanglong','Rith.Vorngdaravanglong@diu.edu.kh',NULL,'$2y$12$OzWbp0XwUHBKkF1fkN3DcuEdTjlKfzbPg6gpuLp1obX1wwjx1qdIG',NULL,'2026-03-21 04:47:59','2026-03-21 04:47:59',2,'student',NULL,'$2y$12$OzWbp0XwUHBKkF1fkN3DcuEdTjlKfzbPg6gpuLp1obX1wwjx1qdIG',NULL,NULL,NULL,1,NULL,NULL,'RITHVORNGDAR','Rith','Vorngdaravanglong','Rith Vorngdaravanglong',NULL,NULL,'rith_vorngdaravanglong',4,1);
INSERT INTO users VALUES(17,'Ry Sereymutita','Ry.Sereymutita@diu.edu.kh',NULL,'$2y$12$OzWbp0XwUHBKkF1fkN3DcuEdTjlKfzbPg6gpuLp1obX1wwjx1qdIG',NULL,'2026-03-21 04:47:59','2026-03-21 04:47:59',2,'student',NULL,'$2y$12$OzWbp0XwUHBKkF1fkN3DcuEdTjlKfzbPg6gpuLp1obX1wwjx1qdIG',NULL,NULL,NULL,1,NULL,NULL,'RYSEREYMUTIT','Ry','Sereymutita','Ry Sereymutita',NULL,NULL,'ry_sereymutita',4,1);
INSERT INTO users VALUES(18,'Tour Chi Eing','Tour.ChiEing@diu.edu.kh',NULL,'$2y$12$OzWbp0XwUHBKkF1fkN3DcuEdTjlKfzbPg6gpuLp1obX1wwjx1qdIG',NULL,'2026-03-21 04:47:59','2026-03-21 04:47:59',2,'student',NULL,'$2y$12$OzWbp0XwUHBKkF1fkN3DcuEdTjlKfzbPg6gpuLp1obX1wwjx1qdIG',NULL,NULL,NULL,1,NULL,NULL,'TOURCHIEINGA','Tour','Chi Eing','Tour Chi Eing',NULL,NULL,'tour_chieing',4,1);
INSERT INTO users VALUES(19,'Thang Lysing','Thang.Lysing@diu.edu.kh',NULL,'$2y$12$OzWbp0XwUHBKkF1fkN3DcuEdTjlKfzbPg6gpuLp1obX1wwjx1qdIG',NULL,'2026-03-21 04:47:59','2026-03-21 04:47:59',2,'student',NULL,'$2y$12$OzWbp0XwUHBKkF1fkN3DcuEdTjlKfzbPg6gpuLp1obX1wwjx1qdIG',NULL,NULL,NULL,1,NULL,NULL,'THANGLYSINGA','Thang','Lysing','Thang Lysing',NULL,NULL,'thang_lysing',4,1);
INSERT INTO users VALUES(20,'Taing Chanphanhaoudom','Taing.Chanphanhaoudom@diu.edu.kh',NULL,'$2y$12$OzWbp0XwUHBKkF1fkN3DcuEdTjlKfzbPg6gpuLp1obX1wwjx1qdIG',NULL,'2026-03-21 04:47:59','2026-03-21 04:47:59',2,'student',NULL,'$2y$12$OzWbp0XwUHBKkF1fkN3DcuEdTjlKfzbPg6gpuLp1obX1wwjx1qdIG',NULL,NULL,NULL,1,NULL,NULL,'TAINGCHANPHA','Taing','Chanphanhaoudom','Taing Chanphanhaoudom',NULL,NULL,'taing_chanphanhaoudom',4,1);
INSERT INTO users VALUES(21,'Ny Naisea','Ny.Naisea@diu.edu.kh',NULL,'$2y$12$OzWbp0XwUHBKkF1fkN3DcuEdTjlKfzbPg6gpuLp1obX1wwjx1qdIG',NULL,'2026-03-21 04:47:59','2026-03-21 04:47:59',2,'student',NULL,'$2y$12$OzWbp0XwUHBKkF1fkN3DcuEdTjlKfzbPg6gpuLp1obX1wwjx1qdIG',NULL,NULL,NULL,1,NULL,NULL,'NYNAISEAATDI','Ny','Naisea','Ny Naisea',NULL,NULL,'ny_naisea',4,1);
INSERT INTO users VALUES(22,'Ek Mengchhinh','Ek.Mengchhinh@diu.edu.kh',NULL,'$2y$12$OzWbp0XwUHBKkF1fkN3DcuEdTjlKfzbPg6gpuLp1obX1wwjx1qdIG',NULL,'2026-03-21 04:47:59','2026-03-21 04:47:59',2,'student',NULL,'$2y$12$OzWbp0XwUHBKkF1fkN3DcuEdTjlKfzbPg6gpuLp1obX1wwjx1qdIG',NULL,NULL,NULL,1,NULL,NULL,'EKMENGCHHINH','Ek','Mengchhinh','Ek Mengchhinh',NULL,NULL,'ek_mengchhinh',4,1);
INSERT INTO users VALUES(23,'Kim Jihoon','Kim.Jihoon@diu.edu.kh',NULL,'$2y$12$OzWbp0XwUHBKkF1fkN3DcuEdTjlKfzbPg6gpuLp1obX1wwjx1qdIG',NULL,'2026-03-21 04:47:59','2026-03-21 04:47:59',2,'student',NULL,'$2y$12$OzWbp0XwUHBKkF1fkN3DcuEdTjlKfzbPg6gpuLp1obX1wwjx1qdIG',NULL,NULL,NULL,1,NULL,NULL,'KIMJIHOONATD','Kim','Jihoon','Kim Jihoon',NULL,NULL,'kim_jihoon',4,1);
INSERT INTO users VALUES(24,'Se Chanthamonymeas','Se.Chanthamonymeas@diu.edu.kh',NULL,'$2y$12$OzWbp0XwUHBKkF1fkN3DcuEdTjlKfzbPg6gpuLp1obX1wwjx1qdIG',NULL,'2026-03-21 04:47:59','2026-03-21 04:47:59',2,'student',NULL,'$2y$12$OzWbp0XwUHBKkF1fkN3DcuEdTjlKfzbPg6gpuLp1obX1wwjx1qdIG',NULL,NULL,NULL,1,NULL,NULL,'SECHANTHAMON','Se','Chanthamonymeas','Se Chanthamonymeas',NULL,NULL,'se_chanthamonymeas',4,1);
INSERT INTO users VALUES(25,'Pearak Soromnea','Pearak.Soromnea@diu.edu.kh',NULL,'$2y$12$OzWbp0XwUHBKkF1fkN3DcuEdTjlKfzbPg6gpuLp1obX1wwjx1qdIG',NULL,'2026-03-21 04:47:59','2026-03-21 04:47:59',2,'student',NULL,'$2y$12$OzWbp0XwUHBKkF1fkN3DcuEdTjlKfzbPg6gpuLp1obX1wwjx1qdIG',NULL,NULL,NULL,1,NULL,NULL,'PEARAKSOROMN','Pearak','Soromnea','Pearak Soromnea',NULL,NULL,'pearak_soromnea',4,1);
INSERT INTO users VALUES(26,'Sith Sariya','Sith.Sariya@diu.edu.kh',NULL,'$2y$12$OzWbp0XwUHBKkF1fkN3DcuEdTjlKfzbPg6gpuLp1obX1wwjx1qdIG',NULL,'2026-03-21 04:47:59','2026-03-21 04:47:59',2,'student',NULL,'$2y$12$OzWbp0XwUHBKkF1fkN3DcuEdTjlKfzbPg6gpuLp1obX1wwjx1qdIG',NULL,NULL,NULL,1,NULL,NULL,'SITHSARIYAAT','Sith','Sariya','Sith Sariya',NULL,NULL,'sith_sariya',4,1);
INSERT INTO users VALUES(27,'Sin Siev E','Sin.SievE@diu.edu.kh',NULL,'$2y$12$OzWbp0XwUHBKkF1fkN3DcuEdTjlKfzbPg6gpuLp1obX1wwjx1qdIG',NULL,'2026-03-21 04:47:59','2026-03-21 04:47:59',2,'student',NULL,'$2y$12$OzWbp0XwUHBKkF1fkN3DcuEdTjlKfzbPg6gpuLp1obX1wwjx1qdIG',NULL,NULL,NULL,1,NULL,NULL,'SINSIEVEATDI','Sin','Siev E','Sin Siev E',NULL,NULL,'sin_sieve',4,1);
INSERT INTO users VALUES(28,'Nou Vanlida','Nou.Vanlida@diu.edu.kh',NULL,'$2y$12$OzWbp0XwUHBKkF1fkN3DcuEdTjlKfzbPg6gpuLp1obX1wwjx1qdIG',NULL,'2026-03-21 04:47:59','2026-03-21 04:47:59',2,'student',NULL,'$2y$12$OzWbp0XwUHBKkF1fkN3DcuEdTjlKfzbPg6gpuLp1obX1wwjx1qdIG',NULL,NULL,NULL,1,NULL,NULL,'NOUVANLIDAAT','Nou','Vanlida','Nou Vanlida',NULL,NULL,'nou_vanlida',4,1);
INSERT INTO users VALUES(29,'Hout Soksoursdey','Hout.Soksoursdey@diu.edu.kh',NULL,'$2y$12$OzWbp0XwUHBKkF1fkN3DcuEdTjlKfzbPg6gpuLp1obX1wwjx1qdIG',NULL,'2026-03-21 04:47:59','2026-03-21 04:47:59',2,'student',NULL,'$2y$12$OzWbp0XwUHBKkF1fkN3DcuEdTjlKfzbPg6gpuLp1obX1wwjx1qdIG',NULL,NULL,NULL,1,NULL,NULL,'HOUTSOKSOURS','Hout','Soksoursdey','Hout Soksoursdey',NULL,NULL,'hout_soksoursdey',4,1);
INSERT INTO users VALUES(30,'Phirum Mengleang','Phirum.Mengleang@diu.edu.kh',NULL,'$2y$12$OzWbp0XwUHBKkF1fkN3DcuEdTjlKfzbPg6gpuLp1obX1wwjx1qdIG',NULL,'2026-03-21 04:48:00','2026-03-21 04:48:00',2,'student',NULL,'$2y$12$OzWbp0XwUHBKkF1fkN3DcuEdTjlKfzbPg6gpuLp1obX1wwjx1qdIG',NULL,NULL,NULL,1,NULL,NULL,'PHIRUMMENGLE','Phirum','Mengleang','Phirum Mengleang',NULL,NULL,'phirum_mengleang',4,1);
INSERT INTO users VALUES(31,'Narun Yalita','Narun.Yalita@diu.edu.kh',NULL,'$2y$12$OzWbp0XwUHBKkF1fkN3DcuEdTjlKfzbPg6gpuLp1obX1wwjx1qdIG',NULL,'2026-03-21 04:48:00','2026-03-21 04:48:00',2,'student',NULL,'$2y$12$OzWbp0XwUHBKkF1fkN3DcuEdTjlKfzbPg6gpuLp1obX1wwjx1qdIG',NULL,NULL,NULL,1,NULL,NULL,'NARUNYALITAA','Narun','Yalita','Narun Yalita',NULL,NULL,'narun_yalita',4,1);
INSERT INTO users VALUES(32,'Thorn Sivhong','Thorn.Sivhong@diu.edu.kh',NULL,'$2y$12$OzWbp0XwUHBKkF1fkN3DcuEdTjlKfzbPg6gpuLp1obX1wwjx1qdIG',NULL,'2026-03-21 04:48:00','2026-03-21 04:48:00',2,'student',NULL,'$2y$12$OzWbp0XwUHBKkF1fkN3DcuEdTjlKfzbPg6gpuLp1obX1wwjx1qdIG',NULL,NULL,NULL,1,NULL,NULL,'THORNSIVHONG','Thorn','Sivhong','Thorn Sivhong',NULL,NULL,'thorn_sivhong',4,1);
INSERT INTO users VALUES(33,'Loeup Chanmolyta','Loeup.Chanmolyta@diu.edu.kh',NULL,'$2y$12$OzWbp0XwUHBKkF1fkN3DcuEdTjlKfzbPg6gpuLp1obX1wwjx1qdIG',NULL,'2026-03-21 04:48:00','2026-03-21 04:48:00',2,'student',NULL,'$2y$12$OzWbp0XwUHBKkF1fkN3DcuEdTjlKfzbPg6gpuLp1obX1wwjx1qdIG',NULL,NULL,NULL,1,NULL,NULL,'LOEUPCHANMOL','Loeup','Chanmolyta','Loeup Chanmolyta',NULL,NULL,'loeup_chanmolyta',4,1);
INSERT INTO users VALUES(34,'Oul Vongsothyra','Oul.Vongsothyra@diu.edu.kh',NULL,'$2y$12$OzWbp0XwUHBKkF1fkN3DcuEdTjlKfzbPg6gpuLp1obX1wwjx1qdIG',NULL,'2026-03-21 04:48:00','2026-03-21 04:48:00',2,'student',NULL,'$2y$12$OzWbp0XwUHBKkF1fkN3DcuEdTjlKfzbPg6gpuLp1obX1wwjx1qdIG',NULL,NULL,NULL,1,NULL,NULL,'OULVONGSOTHY','Oul','Vongsothyra','Oul Vongsothyra',NULL,NULL,'oul_vongsothyra',4,1);
INSERT INTO users VALUES(35,'Hoeun Bunhak','Hoeun.Bunhak@diu.edu.kh',NULL,'$2y$12$OzWbp0XwUHBKkF1fkN3DcuEdTjlKfzbPg6gpuLp1obX1wwjx1qdIG',NULL,'2026-03-21 04:48:00','2026-03-21 04:48:00',2,'student',NULL,'$2y$12$OzWbp0XwUHBKkF1fkN3DcuEdTjlKfzbPg6gpuLp1obX1wwjx1qdIG',NULL,NULL,NULL,1,NULL,NULL,'HOEUNBUNHAKA','Hoeun','Bunhak','Hoeun Bunhak',NULL,NULL,'hoeun_bunhak',4,1);
INSERT INTO users VALUES(36,'Chuong Sotheany','Chuong.Sotheany@diu.edu.kh',NULL,'$2y$12$OzWbp0XwUHBKkF1fkN3DcuEdTjlKfzbPg6gpuLp1obX1wwjx1qdIG',NULL,'2026-03-21 04:48:00','2026-03-21 04:48:00',2,'student',NULL,'$2y$12$OzWbp0XwUHBKkF1fkN3DcuEdTjlKfzbPg6gpuLp1obX1wwjx1qdIG',NULL,NULL,NULL,1,NULL,NULL,'CHUONGSOTHEA','Chuong','Sotheany','Chuong Sotheany',NULL,NULL,'chuong_sotheany',4,1);
INSERT INTO users VALUES(37,'Chhouk Yuthrithisak','Chhouk.Yuthrithisak@diu.edu.kh',NULL,'$2y$12$OzWbp0XwUHBKkF1fkN3DcuEdTjlKfzbPg6gpuLp1obX1wwjx1qdIG',NULL,'2026-03-21 04:48:00','2026-03-21 04:48:00',2,'student',NULL,'$2y$12$OzWbp0XwUHBKkF1fkN3DcuEdTjlKfzbPg6gpuLp1obX1wwjx1qdIG',NULL,NULL,NULL,1,NULL,NULL,'CHHOUKYUTHRI','Chhouk','Yuthrithisak','Chhouk Yuthrithisak',NULL,NULL,'chhouk_yuthrithisak',4,1);
INSERT INTO users VALUES(38,'Choeurt Sophanich','Choeurt.Sophanich@diu.edu.kh',NULL,'$2y$12$OzWbp0XwUHBKkF1fkN3DcuEdTjlKfzbPg6gpuLp1obX1wwjx1qdIG',NULL,'2026-03-21 04:48:00','2026-03-21 04:48:00',2,'student',NULL,'$2y$12$OzWbp0XwUHBKkF1fkN3DcuEdTjlKfzbPg6gpuLp1obX1wwjx1qdIG',NULL,NULL,NULL,1,NULL,NULL,'CHOEURTSOPHA','Choeurt','Sophanich','Choeurt Sophanich',NULL,NULL,'choeurt_sophanich',4,1);
INSERT INTO users VALUES(39,'Pong Sovandy','Pong.Sovandy@diu.edu.kh',NULL,'$2y$12$OzWbp0XwUHBKkF1fkN3DcuEdTjlKfzbPg6gpuLp1obX1wwjx1qdIG',NULL,'2026-03-21 04:48:00','2026-03-21 04:48:00',2,'student',NULL,'$2y$12$OzWbp0XwUHBKkF1fkN3DcuEdTjlKfzbPg6gpuLp1obX1wwjx1qdIG',NULL,NULL,NULL,1,NULL,NULL,'PONGSOVANDYA','Pong','Sovandy','Pong Sovandy',NULL,NULL,'pong_sovandy',4,1);
INSERT INTO users VALUES(40,'Peou Chankhannha','Peou.Chankhannha@diu.edu.kh',NULL,'$2y$12$OzWbp0XwUHBKkF1fkN3DcuEdTjlKfzbPg6gpuLp1obX1wwjx1qdIG',NULL,'2026-03-21 04:48:00','2026-03-21 04:48:00',2,'student',NULL,'$2y$12$OzWbp0XwUHBKkF1fkN3DcuEdTjlKfzbPg6gpuLp1obX1wwjx1qdIG',NULL,NULL,NULL,1,NULL,NULL,'PEOUCHANKHAN','Peou','Chankhannha','Peou Chankhannha',NULL,NULL,'peou_chankhannha',4,1);
INSERT INTO users VALUES(41,'Hean Lyhok','Hean.Lyhok@diu.edu.kh',NULL,'$2y$12$OzWbp0XwUHBKkF1fkN3DcuEdTjlKfzbPg6gpuLp1obX1wwjx1qdIG',NULL,'2026-03-21 04:48:00','2026-03-21 04:48:00',2,'student',NULL,'$2y$12$OzWbp0XwUHBKkF1fkN3DcuEdTjlKfzbPg6gpuLp1obX1wwjx1qdIG',NULL,NULL,NULL,1,NULL,NULL,'HEANLYHOKATD','Hean','Lyhok','Hean Lyhok',NULL,NULL,'hean_lyhok',4,1);
INSERT INTO users VALUES(42,'Kroeun Anh Sdanh','Kroeun.AnhSdanh@diu.edu.kh',NULL,'$2y$12$OzWbp0XwUHBKkF1fkN3DcuEdTjlKfzbPg6gpuLp1obX1wwjx1qdIG',NULL,'2026-03-21 04:48:00','2026-03-21 04:48:00',2,'student',NULL,'$2y$12$OzWbp0XwUHBKkF1fkN3DcuEdTjlKfzbPg6gpuLp1obX1wwjx1qdIG',NULL,NULL,NULL,1,NULL,NULL,'KROEUNANHSDA','Kroeun','Anh Sdanh','Kroeun Anh Sdanh',NULL,NULL,'kroeun_anhsdanh',4,1);
INSERT INTO users VALUES(43,'Channa Serey Vathanak','Channa.SereyVathanak@diu.edu.kh',NULL,'$2y$12$OzWbp0XwUHBKkF1fkN3DcuEdTjlKfzbPg6gpuLp1obX1wwjx1qdIG',NULL,'2026-03-21 04:48:00','2026-03-21 04:48:00',2,'student',NULL,'$2y$12$OzWbp0XwUHBKkF1fkN3DcuEdTjlKfzbPg6gpuLp1obX1wwjx1qdIG',NULL,NULL,NULL,1,NULL,NULL,'CHANNASEREYV','Channa','Serey Vathanak','Channa Serey Vathanak',NULL,NULL,'channa_sereyvathanak',4,1);
INSERT INTO users VALUES(44,'Chhom Sokhdalis','Chhom.Sokhdalis@diu.edu.kh',NULL,'$2y$12$OzWbp0XwUHBKkF1fkN3DcuEdTjlKfzbPg6gpuLp1obX1wwjx1qdIG',NULL,'2026-03-21 04:48:00','2026-03-21 04:48:00',2,'student',NULL,'$2y$12$OzWbp0XwUHBKkF1fkN3DcuEdTjlKfzbPg6gpuLp1obX1wwjx1qdIG',NULL,NULL,NULL,1,NULL,NULL,'CHHOMSOKHDAL','Chhom','Sokhdalis','Chhom Sokhdalis',NULL,NULL,'chhom_sokhdalis',4,1);
INSERT INTO users VALUES(45,'Chea Fusing','Chea.Fusing@diu.edu.kh',NULL,'$2y$12$OzWbp0XwUHBKkF1fkN3DcuEdTjlKfzbPg6gpuLp1obX1wwjx1qdIG',NULL,'2026-03-21 04:48:00','2026-03-21 04:48:00',2,'student',NULL,'$2y$12$OzWbp0XwUHBKkF1fkN3DcuEdTjlKfzbPg6gpuLp1obX1wwjx1qdIG',NULL,NULL,NULL,1,NULL,NULL,'CHEAFUSINGAT','Chea','Fusing','Chea Fusing',NULL,NULL,'chea_fusing',4,1);
INSERT INTO users VALUES(46,'Tat Chhormromnea','Tat.Chhormromnea@diu.edu.kh',NULL,'$2y$12$OzWbp0XwUHBKkF1fkN3DcuEdTjlKfzbPg6gpuLp1obX1wwjx1qdIG',NULL,'2026-03-21 04:48:00','2026-03-21 04:48:00',2,'student',NULL,'$2y$12$OzWbp0XwUHBKkF1fkN3DcuEdTjlKfzbPg6gpuLp1obX1wwjx1qdIG',NULL,NULL,NULL,1,NULL,NULL,'TATCHHORMROM','Tat','Chhormromnea','Tat Chhormromnea',NULL,NULL,'tat_chhormromnea',4,1);
INSERT INTO users VALUES(47,'ThongHonn Sovanvimean','Thong.HonnSovanvimean@diu.edu.kh',NULL,'$2y$12$OzWbp0XwUHBKkF1fkN3DcuEdTjlKfzbPg6gpuLp1obX1wwjx1qdIG',NULL,'2026-03-21 04:48:00','2026-03-21 04:48:00',2,'student',NULL,'$2y$12$OzWbp0XwUHBKkF1fkN3DcuEdTjlKfzbPg6gpuLp1obX1wwjx1qdIG',NULL,NULL,NULL,1,NULL,NULL,'THONGHONNSOV','ThongHonn','Sovanvimean','ThongHonn Sovanvimean',NULL,NULL,'thong_honnsovanvimean',4,1);
INSERT INTO users VALUES(48,'Toch Sokhchhay','Toch.Sokhchhay@diu.edu.kh',NULL,'$2y$12$OzWbp0XwUHBKkF1fkN3DcuEdTjlKfzbPg6gpuLp1obX1wwjx1qdIG',NULL,'2026-03-21 04:48:00','2026-03-21 04:48:00',2,'student',NULL,'$2y$12$OzWbp0XwUHBKkF1fkN3DcuEdTjlKfzbPg6gpuLp1obX1wwjx1qdIG',NULL,NULL,NULL,1,NULL,NULL,'TOCHSOKHCHHA','Toch','Sokhchhay','Toch Sokhchhay',NULL,NULL,'toch_sokhchhay',4,1);
INSERT INTO users VALUES(49,'Toch Sokhdana','Toch.Sokhdana@diu.edu.kh',NULL,'$2y$12$OzWbp0XwUHBKkF1fkN3DcuEdTjlKfzbPg6gpuLp1obX1wwjx1qdIG',NULL,'2026-03-21 04:48:00','2026-03-21 04:48:00',2,'student',NULL,'$2y$12$OzWbp0XwUHBKkF1fkN3DcuEdTjlKfzbPg6gpuLp1obX1wwjx1qdIG',NULL,NULL,NULL,1,NULL,NULL,'TOCHSOKHDANA','Toch','Sokhdana','Toch Sokhdana',NULL,NULL,'toch_sokhdana',4,1);
INSERT INTO users VALUES(50,'Phatdavid Pichmlis','Phatdavid.Pichmlis@diu.edu.kh',NULL,'$2y$12$OzWbp0XwUHBKkF1fkN3DcuEdTjlKfzbPg6gpuLp1obX1wwjx1qdIG',NULL,'2026-03-21 04:48:00','2026-03-21 04:48:00',2,'student',NULL,'$2y$12$OzWbp0XwUHBKkF1fkN3DcuEdTjlKfzbPg6gpuLp1obX1wwjx1qdIG',NULL,NULL,NULL,1,NULL,NULL,'PHATDAVIDPIC','Phatdavid','Pichmlis','Phatdavid Pichmlis',NULL,NULL,'phatdavid_pichmlis',4,1);
INSERT INTO users VALUES(51,'Moa Manich','Moa.Manich.Pichmlis@diu.edu.kh',NULL,'$2y$12$OzWbp0XwUHBKkF1fkN3DcuEdTjlKfzbPg6gpuLp1obX1wwjx1qdIG',NULL,'2026-03-21 04:48:00','2026-03-21 04:48:00',2,'student',NULL,'$2y$12$OzWbp0XwUHBKkF1fkN3DcuEdTjlKfzbPg6gpuLp1obX1wwjx1qdIG',NULL,NULL,NULL,1,NULL,NULL,'MOAMANICHPIC','Moa','Manich','Moa Manich',NULL,NULL,'moa_manich_pichmlis',4,1);
INSERT INTO users VALUES(52,'Reth Kimeu','Reth.Kimeu@diu.edu.kh',NULL,'$2y$12$OzWbp0XwUHBKkF1fkN3DcuEdTjlKfzbPg6gpuLp1obX1wwjx1qdIG',NULL,'2026-03-21 04:48:00','2026-03-21 04:48:00',2,'student',NULL,'$2y$12$OzWbp0XwUHBKkF1fkN3DcuEdTjlKfzbPg6gpuLp1obX1wwjx1qdIG',NULL,NULL,NULL,1,NULL,NULL,'RETHKIMEUATD','Reth','Kimeu','Reth Kimeu',NULL,NULL,'reth_kimeu',4,1);
INSERT INTO users VALUES(53,'Ly Houryu','Ly.Houryu@diu.edu.kh',NULL,'$2y$12$OzWbp0XwUHBKkF1fkN3DcuEdTjlKfzbPg6gpuLp1obX1wwjx1qdIG',NULL,'2026-03-21 04:48:00','2026-03-21 04:48:00',2,'student',NULL,'$2y$12$OzWbp0XwUHBKkF1fkN3DcuEdTjlKfzbPg6gpuLp1obX1wwjx1qdIG',NULL,NULL,NULL,1,NULL,NULL,'LYHOURYUATDI','Ly','Houryu','Ly Houryu',NULL,NULL,'ly_houryu',4,1);
INSERT INTO users VALUES(54,'Ly Meyling','Ly.Meyling@diu.edu.kh',NULL,'$2y$12$OzWbp0XwUHBKkF1fkN3DcuEdTjlKfzbPg6gpuLp1obX1wwjx1qdIG',NULL,'2026-03-21 04:48:00','2026-03-21 04:48:00',2,'student',NULL,'$2y$12$OzWbp0XwUHBKkF1fkN3DcuEdTjlKfzbPg6gpuLp1obX1wwjx1qdIG',NULL,NULL,NULL,1,NULL,NULL,'LYMEYLINGATD','Ly','Meyling','Ly Meyling',NULL,NULL,'ly_meyling',4,1);
INSERT INTO users VALUES(55,'Sorn Nila','Sorn.Nila@diu.edu.kh',NULL,'$2y$12$OzWbp0XwUHBKkF1fkN3DcuEdTjlKfzbPg6gpuLp1obX1wwjx1qdIG',NULL,'2026-03-21 04:48:00','2026-03-21 04:48:00',2,'student',NULL,'$2y$12$OzWbp0XwUHBKkF1fkN3DcuEdTjlKfzbPg6gpuLp1obX1wwjx1qdIG',NULL,NULL,NULL,1,NULL,NULL,'SORNNILAATDI','Sorn','Nila','Sorn Nila',NULL,NULL,'sorn_nila',4,1);
INSERT INTO users VALUES(56,'Sambath Sithika','Sambath.Sithika@diu.edu.kh',NULL,'$2y$12$OzWbp0XwUHBKkF1fkN3DcuEdTjlKfzbPg6gpuLp1obX1wwjx1qdIG',NULL,'2026-03-21 04:48:00','2026-03-21 04:48:00',2,'student',NULL,'$2y$12$OzWbp0XwUHBKkF1fkN3DcuEdTjlKfzbPg6gpuLp1obX1wwjx1qdIG',NULL,NULL,NULL,1,NULL,NULL,'SAMBATHSITHI','Sambath','Sithika','Sambath Sithika',NULL,NULL,'sambath_sithika',4,1);
INSERT INTO users VALUES(57,'Sao Ouksakmonyrath','Sao.Ouksakmonyrath@diu.edu.kh',NULL,'$2y$12$OzWbp0XwUHBKkF1fkN3DcuEdTjlKfzbPg6gpuLp1obX1wwjx1qdIG',NULL,'2026-03-21 04:48:00','2026-03-21 04:48:00',2,'student',NULL,'$2y$12$OzWbp0XwUHBKkF1fkN3DcuEdTjlKfzbPg6gpuLp1obX1wwjx1qdIG',NULL,NULL,NULL,1,NULL,NULL,'SAOOUKSAKMON','Sao','Ouksakmonyrath','Sao Ouksakmonyrath',NULL,NULL,'sao_ouksakmonyrath',4,1);
INSERT INTO users VALUES(58,'Soun Kim Daly','Soun.KimDaly@diu.edu.kh',NULL,'$2y$12$OzWbp0XwUHBKkF1fkN3DcuEdTjlKfzbPg6gpuLp1obX1wwjx1qdIG',NULL,'2026-03-21 04:48:00','2026-03-21 04:48:00',2,'student',NULL,'$2y$12$OzWbp0XwUHBKkF1fkN3DcuEdTjlKfzbPg6gpuLp1obX1wwjx1qdIG',NULL,NULL,NULL,1,NULL,NULL,'SOUNKIMDALYA','Soun','Kim Daly','Soun Kim Daly',NULL,NULL,'soun_kimdaly',4,1);
INSERT INTO users VALUES(59,'Sok Sengly','Sok.Sengly@diu.edu.kh',NULL,'$2y$12$OzWbp0XwUHBKkF1fkN3DcuEdTjlKfzbPg6gpuLp1obX1wwjx1qdIG',NULL,'2026-03-21 04:48:00','2026-03-21 04:48:00',2,'student',NULL,'$2y$12$OzWbp0XwUHBKkF1fkN3DcuEdTjlKfzbPg6gpuLp1obX1wwjx1qdIG',NULL,NULL,NULL,1,NULL,NULL,'SOKSENGLYATD','Sok','Sengly','Sok Sengly',NULL,NULL,'sok_sengly',4,1);
INSERT INTO users VALUES(60,'Set Jiling','Set.Jiling@diu.edu.kh',NULL,'$2y$12$OzWbp0XwUHBKkF1fkN3DcuEdTjlKfzbPg6gpuLp1obX1wwjx1qdIG',NULL,'2026-03-21 04:48:00','2026-03-21 04:48:00',2,'student',NULL,'$2y$12$OzWbp0XwUHBKkF1fkN3DcuEdTjlKfzbPg6gpuLp1obX1wwjx1qdIG',NULL,NULL,NULL,1,NULL,NULL,'SETJILINGATD','Set','Jiling','Set Jiling',NULL,NULL,'set_jiling',4,1);
INSERT INTO users VALUES(61,'Sorphorn Panhapiseth','Sorphorn.Panhapiseth@diu.edu.kh',NULL,'$2y$12$OzWbp0XwUHBKkF1fkN3DcuEdTjlKfzbPg6gpuLp1obX1wwjx1qdIG',NULL,'2026-03-21 04:48:00','2026-03-21 04:48:00',2,'student',NULL,'$2y$12$OzWbp0XwUHBKkF1fkN3DcuEdTjlKfzbPg6gpuLp1obX1wwjx1qdIG',NULL,NULL,NULL,1,NULL,NULL,'SORPHORNPANH','Sorphorn','Panhapiseth','Sorphorn Panhapiseth',NULL,NULL,'sorphorn_panhapiseth',4,1);
INSERT INTO users VALUES(62,'Phat Chesda','Phat.Chesda@diu.edu.kh',NULL,'$2y$12$OzWbp0XwUHBKkF1fkN3DcuEdTjlKfzbPg6gpuLp1obX1wwjx1qdIG',NULL,'2026-03-21 04:48:00','2026-03-21 04:48:00',2,'student',NULL,'$2y$12$OzWbp0XwUHBKkF1fkN3DcuEdTjlKfzbPg6gpuLp1obX1wwjx1qdIG',NULL,NULL,NULL,1,NULL,NULL,'PHATCHESDAAT','Phat','Chesda','Phat Chesda',NULL,NULL,'phat_chesda',4,1);
INSERT INTO users VALUES(63,'Kaem Livan','Kaem.Livan@diu.edu.kh',NULL,'$2y$12$OzWbp0XwUHBKkF1fkN3DcuEdTjlKfzbPg6gpuLp1obX1wwjx1qdIG',NULL,'2026-03-21 04:48:00','2026-03-21 04:48:00',2,'student',NULL,'$2y$12$OzWbp0XwUHBKkF1fkN3DcuEdTjlKfzbPg6gpuLp1obX1wwjx1qdIG',NULL,NULL,NULL,1,NULL,NULL,'KAEMLIVANATD','Kaem','Livan','Kaem Livan',NULL,NULL,'kaem_livan',4,1);
INSERT INTO users VALUES(64,'Khy Yu July','Khy.YuJuly@diu.edu.kh',NULL,'$2y$12$OzWbp0XwUHBKkF1fkN3DcuEdTjlKfzbPg6gpuLp1obX1wwjx1qdIG',NULL,'2026-03-21 04:48:00','2026-03-21 04:48:00',2,'student',NULL,'$2y$12$OzWbp0XwUHBKkF1fkN3DcuEdTjlKfzbPg6gpuLp1obX1wwjx1qdIG',NULL,NULL,NULL,1,NULL,NULL,'KHYYUJULYATD','Khy','Yu July','Khy Yu July',NULL,NULL,'khy_yujuly',4,1);
INSERT INTO users VALUES(65,'Ngoeurm Saramony','Ngoeurm.Saramony@diu.edu.kh',NULL,'$2y$12$OzWbp0XwUHBKkF1fkN3DcuEdTjlKfzbPg6gpuLp1obX1wwjx1qdIG',NULL,'2026-03-21 04:48:00','2026-03-21 04:48:00',2,'student',NULL,'$2y$12$OzWbp0XwUHBKkF1fkN3DcuEdTjlKfzbPg6gpuLp1obX1wwjx1qdIG',NULL,NULL,NULL,1,NULL,NULL,'NGOEURMSARAM','Ngoeurm','Saramony','Ngoeurm Saramony',NULL,NULL,'ngoeurm_saramony',4,1);
INSERT INTO users VALUES(66,'Ly Kimsear','Ly.Kimsear@diu.edu.kh',NULL,'$2y$12$OzWbp0XwUHBKkF1fkN3DcuEdTjlKfzbPg6gpuLp1obX1wwjx1qdIG',NULL,'2026-03-21 04:48:00','2026-03-21 04:48:00',2,'student',NULL,'$2y$12$OzWbp0XwUHBKkF1fkN3DcuEdTjlKfzbPg6gpuLp1obX1wwjx1qdIG',NULL,NULL,NULL,1,NULL,NULL,'LYKIMSEARATD','Ly','Kimsear','Ly Kimsear',NULL,NULL,'ly_kimsear',4,1);
INSERT INTO users VALUES(67,'Dimong Chandima','Dimong.Chandima@diu.edu.kh',NULL,'$2y$12$OzWbp0XwUHBKkF1fkN3DcuEdTjlKfzbPg6gpuLp1obX1wwjx1qdIG',NULL,'2026-03-21 04:48:00','2026-03-21 04:48:00',2,'student',NULL,'$2y$12$OzWbp0XwUHBKkF1fkN3DcuEdTjlKfzbPg6gpuLp1obX1wwjx1qdIG',NULL,NULL,NULL,1,NULL,NULL,'DIMONGCHANDI','Dimong','Chandima','Dimong Chandima',NULL,NULL,'dimong_chandima',4,1);
INSERT INTO users VALUES(68,'Chheang Tonan','Chheang.Tonan@diu.edu.kh',NULL,'$2y$12$OzWbp0XwUHBKkF1fkN3DcuEdTjlKfzbPg6gpuLp1obX1wwjx1qdIG',NULL,'2026-03-21 04:48:00','2026-03-21 04:48:00',2,'student',NULL,'$2y$12$OzWbp0XwUHBKkF1fkN3DcuEdTjlKfzbPg6gpuLp1obX1wwjx1qdIG',NULL,NULL,NULL,1,NULL,NULL,'CHHEANGTONAN','Chheang','Tonan','Chheang Tonan',NULL,NULL,'chheang_tonan',4,1);
INSERT INTO users VALUES(69,'Chhim Chanchessta','Chhim.Chanchessta@diu.edu.kh',NULL,'$2y$12$OzWbp0XwUHBKkF1fkN3DcuEdTjlKfzbPg6gpuLp1obX1wwjx1qdIG',NULL,'2026-03-21 04:48:00','2026-03-21 04:48:00',2,'student',NULL,'$2y$12$OzWbp0XwUHBKkF1fkN3DcuEdTjlKfzbPg6gpuLp1obX1wwjx1qdIG',NULL,NULL,NULL,1,NULL,NULL,'CHHIMCHANCHE','Chhim','Chanchessta','Chhim Chanchessta',NULL,NULL,'chhim_chanchessta',4,1);
INSERT INTO users VALUES(70,'Poeng Lyjing','Poeng.Lyjing@diu.edu.kh',NULL,'$2y$12$OzWbp0XwUHBKkF1fkN3DcuEdTjlKfzbPg6gpuLp1obX1wwjx1qdIG',NULL,'2026-03-21 04:48:00','2026-03-21 04:48:00',2,'student',NULL,'$2y$12$OzWbp0XwUHBKkF1fkN3DcuEdTjlKfzbPg6gpuLp1obX1wwjx1qdIG',NULL,NULL,NULL,1,NULL,NULL,'POENGLYJINGA','Poeng','Lyjing','Poeng Lyjing',NULL,NULL,'poeng_lyjing',4,1);
INSERT INTO users VALUES(71,'Meab Penghab','Meab.Penghab@diu.edu.kh',NULL,'$2y$12$OzWbp0XwUHBKkF1fkN3DcuEdTjlKfzbPg6gpuLp1obX1wwjx1qdIG',NULL,'2026-03-21 04:48:00','2026-03-21 04:48:00',2,'student',NULL,'$2y$12$OzWbp0XwUHBKkF1fkN3DcuEdTjlKfzbPg6gpuLp1obX1wwjx1qdIG',NULL,NULL,NULL,1,NULL,NULL,'MEABPENGHABA','Meab','Penghab','Meab Penghab',NULL,NULL,'meab_penghab',4,1);
INSERT INTO users VALUES(72,'Yin Rossa','Yin.Rossa@diu.edu.kh',NULL,'$2y$12$OzWbp0XwUHBKkF1fkN3DcuEdTjlKfzbPg6gpuLp1obX1wwjx1qdIG',NULL,'2026-03-21 04:48:00','2026-03-21 04:48:00',2,'student',NULL,'$2y$12$OzWbp0XwUHBKkF1fkN3DcuEdTjlKfzbPg6gpuLp1obX1wwjx1qdIG',NULL,NULL,NULL,1,NULL,NULL,'YINROSSAATDI','Yin','Rossa','Yin Rossa',NULL,NULL,'yin_rossa',4,1);
INSERT INTO users VALUES(73,'Lei Jingfa','Lei.Jingfa@diu.edu.kh',NULL,'$2y$12$OzWbp0XwUHBKkF1fkN3DcuEdTjlKfzbPg6gpuLp1obX1wwjx1qdIG',NULL,'2026-03-21 04:48:00','2026-03-21 04:48:00',2,'student',NULL,'$2y$12$OzWbp0XwUHBKkF1fkN3DcuEdTjlKfzbPg6gpuLp1obX1wwjx1qdIG',NULL,NULL,NULL,1,NULL,NULL,'LEIJINGFAATD','Lei','Jingfa','Lei Jingfa',NULL,NULL,'lei_jingfa',4,1);
INSERT INTO users VALUES(74,'Ouk Phanon','Ouk.Phanon@diu.edu.kh',NULL,'$2y$12$OzWbp0XwUHBKkF1fkN3DcuEdTjlKfzbPg6gpuLp1obX1wwjx1qdIG',NULL,'2026-03-21 04:48:00','2026-03-21 04:48:00',2,'student',NULL,'$2y$12$OzWbp0XwUHBKkF1fkN3DcuEdTjlKfzbPg6gpuLp1obX1wwjx1qdIG',NULL,NULL,NULL,1,NULL,NULL,'OUKPHANONATD','Ouk','Phanon','Ouk Phanon',NULL,NULL,'ouk_phanon',4,1);
INSERT INTO users VALUES(75,'Seun Monorithiya','Seun.Monorithiya@diu.edu.kh',NULL,'$2y$12$OzWbp0XwUHBKkF1fkN3DcuEdTjlKfzbPg6gpuLp1obX1wwjx1qdIG',NULL,'2026-03-21 04:48:00','2026-03-21 04:48:00',2,'student',NULL,'$2y$12$OzWbp0XwUHBKkF1fkN3DcuEdTjlKfzbPg6gpuLp1obX1wwjx1qdIG',NULL,NULL,NULL,1,NULL,NULL,'SEUNMONORITH','Seun','Monorithiya','Seun Monorithiya',NULL,NULL,'seun_monorithiya',4,1);
INSERT INTO users VALUES(76,'Lee Leebee','Lee.Leebee@diu.edu.kh',NULL,'$2y$12$OzWbp0XwUHBKkF1fkN3DcuEdTjlKfzbPg6gpuLp1obX1wwjx1qdIG',NULL,'2026-03-21 04:48:00','2026-03-21 04:48:00',2,'student',NULL,'$2y$12$OzWbp0XwUHBKkF1fkN3DcuEdTjlKfzbPg6gpuLp1obX1wwjx1qdIG',NULL,NULL,NULL,1,NULL,NULL,'LEELEEBEEATD','Lee','Leebee','Lee Leebee',NULL,NULL,'lee_leebee',4,1);
INSERT INTO users VALUES(77,'Kheary Yavorn','Kheary.Yavorn@diu.edu.kh',NULL,'$2y$12$OzWbp0XwUHBKkF1fkN3DcuEdTjlKfzbPg6gpuLp1obX1wwjx1qdIG',NULL,'2026-03-21 04:48:00','2026-03-21 04:48:00',2,'student',NULL,'$2y$12$OzWbp0XwUHBKkF1fkN3DcuEdTjlKfzbPg6gpuLp1obX1wwjx1qdIG',NULL,NULL,NULL,1,NULL,NULL,'KHEARYYAVORN','Kheary','Yavorn','Kheary Yavorn',NULL,NULL,'kheary_yavorn',4,1);
INSERT INTO users VALUES(78,'Kheng Kimghorng','Kheng.Kimghorng@diu.edu.kh',NULL,'$2y$12$OzWbp0XwUHBKkF1fkN3DcuEdTjlKfzbPg6gpuLp1obX1wwjx1qdIG',NULL,'2026-03-21 04:48:00','2026-03-21 04:48:00',2,'student',NULL,'$2y$12$OzWbp0XwUHBKkF1fkN3DcuEdTjlKfzbPg6gpuLp1obX1wwjx1qdIG',NULL,NULL,NULL,1,NULL,NULL,'KHENGKIMGHOR','Kheng','Kimghorng','Kheng Kimghorng',NULL,NULL,'kheng_kimghorng',4,1);
INSERT INTO users VALUES(79,'Lim Jinglong','Lim.Jinglong@diu.edu.kh',NULL,'$2y$12$OzWbp0XwUHBKkF1fkN3DcuEdTjlKfzbPg6gpuLp1obX1wwjx1qdIG',NULL,'2026-03-21 04:48:00','2026-03-21 04:48:00',2,'student',NULL,'$2y$12$OzWbp0XwUHBKkF1fkN3DcuEdTjlKfzbPg6gpuLp1obX1wwjx1qdIG',NULL,NULL,NULL,1,NULL,NULL,'LIMJINGLONGA','Lim','Jinglong','Lim Jinglong',NULL,NULL,'lim_jinglong',4,1);
INSERT INTO users VALUES(80,'Kor Leangkung','Kor.Leangkung@diu.edu.kh',NULL,'$2y$12$OzWbp0XwUHBKkF1fkN3DcuEdTjlKfzbPg6gpuLp1obX1wwjx1qdIG',NULL,'2026-03-21 04:48:00','2026-03-21 04:48:00',2,'student',NULL,'$2y$12$OzWbp0XwUHBKkF1fkN3DcuEdTjlKfzbPg6gpuLp1obX1wwjx1qdIG',NULL,NULL,NULL,1,NULL,NULL,'KORLEANGKUNG','Kor','Leangkung','Kor Leangkung',NULL,NULL,'kor_leangkung',4,1);
INSERT INTO users VALUES(81,'Chav Chheavmean','Chav.Chheavmean@diu.edu.kh',NULL,'$2y$12$OzWbp0XwUHBKkF1fkN3DcuEdTjlKfzbPg6gpuLp1obX1wwjx1qdIG',NULL,'2026-03-21 04:48:00','2026-03-21 04:48:00',2,'student',NULL,'$2y$12$OzWbp0XwUHBKkF1fkN3DcuEdTjlKfzbPg6gpuLp1obX1wwjx1qdIG',NULL,NULL,NULL,1,NULL,NULL,'CHAVCHHEAVME','Chav','Chheavmean','Chav Chheavmean',NULL,NULL,'chav_chheavmean',4,1);
INSERT INTO users VALUES(82,'Thareakdy Chhadaphea','Thareakdy.Chhadaphea@diu.edu.kh',NULL,'$2y$12$OzWbp0XwUHBKkF1fkN3DcuEdTjlKfzbPg6gpuLp1obX1wwjx1qdIG',NULL,'2026-03-21 04:48:00','2026-03-21 04:48:00',2,'student',NULL,'$2y$12$OzWbp0XwUHBKkF1fkN3DcuEdTjlKfzbPg6gpuLp1obX1wwjx1qdIG',NULL,NULL,NULL,1,NULL,NULL,'THAREAKDYCHH','Thareakdy','Chhadaphea','Thareakdy Chhadaphea',NULL,NULL,'thareakdy_chhadaphea',4,1);
INSERT INTO users VALUES(83,'Prom Chandaravatey','Prom.Chandaravatey@diu.edu.kh',NULL,'$2y$12$OzWbp0XwUHBKkF1fkN3DcuEdTjlKfzbPg6gpuLp1obX1wwjx1qdIG',NULL,'2026-03-21 04:48:00','2026-03-21 04:48:00',2,'student',NULL,'$2y$12$OzWbp0XwUHBKkF1fkN3DcuEdTjlKfzbPg6gpuLp1obX1wwjx1qdIG',NULL,NULL,NULL,1,NULL,NULL,'PROMCHANDARA','Prom','Chandaravatey','Prom Chandaravatey',NULL,NULL,'prom_chandaravatey',4,1);
INSERT INTO users VALUES(84,'Rith Vathanak','Rith.Vathanak@diu.edu.kh',NULL,'$2y$12$OzWbp0XwUHBKkF1fkN3DcuEdTjlKfzbPg6gpuLp1obX1wwjx1qdIG',NULL,'2026-03-21 04:48:00','2026-03-21 04:48:00',2,'student',NULL,'$2y$12$OzWbp0XwUHBKkF1fkN3DcuEdTjlKfzbPg6gpuLp1obX1wwjx1qdIG',NULL,NULL,NULL,1,NULL,NULL,'RITHVATHANAK','Rith','Vathanak','Rith Vathanak',NULL,NULL,'rith_vathanak',4,1);
INSERT INTO users VALUES(85,'Roeun SokMony','Roeun.SokMony@diu.edu.kh',NULL,'$2y$12$OzWbp0XwUHBKkF1fkN3DcuEdTjlKfzbPg6gpuLp1obX1wwjx1qdIG',NULL,'2026-03-21 04:48:00','2026-03-21 04:48:00',2,'student',NULL,'$2y$12$OzWbp0XwUHBKkF1fkN3DcuEdTjlKfzbPg6gpuLp1obX1wwjx1qdIG',NULL,NULL,NULL,1,NULL,NULL,'ROEUNSOKMONY','Roeun','SokMony','Roeun SokMony',NULL,NULL,'roeun_sokmony',4,1);
INSERT INTO users VALUES(86,'Rom Rathanak','Rom.Rathanak@diu.edu.kh',NULL,'$2y$12$OzWbp0XwUHBKkF1fkN3DcuEdTjlKfzbPg6gpuLp1obX1wwjx1qdIG',NULL,'2026-03-21 04:48:00','2026-03-21 04:48:00',2,'student',NULL,'$2y$12$OzWbp0XwUHBKkF1fkN3DcuEdTjlKfzbPg6gpuLp1obX1wwjx1qdIG',NULL,NULL,NULL,1,NULL,NULL,'ROMRATHANAKA','Rom','Rathanak','Rom Rathanak',NULL,NULL,'rom_rathanak',4,1);
INSERT INTO users VALUES(87,'Ly Phavin','Ly.Phavin@diu.edu.kh',NULL,'$2y$12$OzWbp0XwUHBKkF1fkN3DcuEdTjlKfzbPg6gpuLp1obX1wwjx1qdIG',NULL,'2026-03-21 04:48:00','2026-03-21 04:48:00',2,'student',NULL,'$2y$12$OzWbp0XwUHBKkF1fkN3DcuEdTjlKfzbPg6gpuLp1obX1wwjx1qdIG',NULL,NULL,NULL,1,NULL,NULL,'LYPHAVINATDI','Ly','Phavin','Ly Phavin',NULL,NULL,'ly_phavin',4,1);
INSERT INTO users VALUES(88,'Vichit Sovan','Vichit.Sovan@diu.edu.kh',NULL,'$2y$12$OzWbp0XwUHBKkF1fkN3DcuEdTjlKfzbPg6gpuLp1obX1wwjx1qdIG',NULL,'2026-03-21 04:48:00','2026-03-21 04:48:00',2,'student',NULL,'$2y$12$OzWbp0XwUHBKkF1fkN3DcuEdTjlKfzbPg6gpuLp1obX1wwjx1qdIG',NULL,NULL,NULL,1,NULL,NULL,'VICHITSOVANA','Vichit','Sovan','Vichit Sovan',NULL,NULL,'vichit_sovan',4,1);
INSERT INTO users VALUES(89,'Soung Roby','Soung.Roby@diu.edu.kh',NULL,'$2y$12$OzWbp0XwUHBKkF1fkN3DcuEdTjlKfzbPg6gpuLp1obX1wwjx1qdIG',NULL,'2026-03-21 04:48:00','2026-03-21 04:48:00',2,'student',NULL,'$2y$12$OzWbp0XwUHBKkF1fkN3DcuEdTjlKfzbPg6gpuLp1obX1wwjx1qdIG',NULL,NULL,NULL,1,NULL,NULL,'SOUNGROBYATD','Soung','Roby','Soung Roby',NULL,NULL,'soung_roby',4,1);
INSERT INTO users VALUES(90,'Sith Visal','Sith.Visal@diu.edu.kh',NULL,'$2y$12$OzWbp0XwUHBKkF1fkN3DcuEdTjlKfzbPg6gpuLp1obX1wwjx1qdIG',NULL,'2026-03-21 04:48:00','2026-03-21 04:48:00',2,'student',NULL,'$2y$12$OzWbp0XwUHBKkF1fkN3DcuEdTjlKfzbPg6gpuLp1obX1wwjx1qdIG',NULL,NULL,NULL,1,NULL,NULL,'SITHVISALATD','Sith','Visal','Sith Visal',NULL,NULL,'sith_visal',4,1);
INSERT INTO users VALUES(91,'Som Pheang Fa','Som.PheangFa@diu.edu.kh',NULL,'$2y$12$OzWbp0XwUHBKkF1fkN3DcuEdTjlKfzbPg6gpuLp1obX1wwjx1qdIG',NULL,'2026-03-21 04:48:00','2026-03-21 04:48:00',2,'student',NULL,'$2y$12$OzWbp0XwUHBKkF1fkN3DcuEdTjlKfzbPg6gpuLp1obX1wwjx1qdIG',NULL,NULL,NULL,1,NULL,NULL,'SOMPHEANGFAA','Som','Pheang Fa','Som Pheang Fa',NULL,NULL,'som_pheangfa',4,1);
INSERT INTO users VALUES(92,'Mao Chhayheng','Mao.Chhayheng@diu.edu.kh',NULL,'$2y$12$OzWbp0XwUHBKkF1fkN3DcuEdTjlKfzbPg6gpuLp1obX1wwjx1qdIG',NULL,'2026-03-21 04:48:00','2026-03-21 04:48:00',2,'student',NULL,'$2y$12$OzWbp0XwUHBKkF1fkN3DcuEdTjlKfzbPg6gpuLp1obX1wwjx1qdIG',NULL,NULL,NULL,1,NULL,NULL,'MAOCHHAYHENG','Mao','Chhayheng','Mao Chhayheng',NULL,NULL,'mao_chhayheng',4,1);
INSERT INTO users VALUES(93,'Hoeurn Sivlang','Hoeurn.Sivlang@diu.edu.kh',NULL,'$2y$12$OzWbp0XwUHBKkF1fkN3DcuEdTjlKfzbPg6gpuLp1obX1wwjx1qdIG',NULL,'2026-03-21 04:48:00','2026-03-21 04:48:00',2,'student',NULL,'$2y$12$OzWbp0XwUHBKkF1fkN3DcuEdTjlKfzbPg6gpuLp1obX1wwjx1qdIG',NULL,NULL,NULL,1,NULL,NULL,'HOEURNSIVLAN','Hoeurn','Sivlang','Hoeurn Sivlang',NULL,NULL,'hoeurn_sivlang',4,1);
INSERT INTO users VALUES(94,'Nguy Davika','Nguy.Davika@diu.edu.kh',NULL,'$2y$12$OzWbp0XwUHBKkF1fkN3DcuEdTjlKfzbPg6gpuLp1obX1wwjx1qdIG',NULL,'2026-03-21 04:48:00','2026-03-21 04:48:00',2,'student',NULL,'$2y$12$OzWbp0XwUHBKkF1fkN3DcuEdTjlKfzbPg6gpuLp1obX1wwjx1qdIG',NULL,NULL,NULL,1,NULL,NULL,'NGUYDAVIKAAT','Nguy','Davika','Nguy Davika',NULL,NULL,'nguy_davika',4,1);
INSERT INTO users VALUES(95,'Dong Oliver','Dong.Oliver@diu.edu.kh',NULL,'$2y$12$OzWbp0XwUHBKkF1fkN3DcuEdTjlKfzbPg6gpuLp1obX1wwjx1qdIG',NULL,'2026-03-21 04:48:00','2026-03-21 04:48:00',2,'student',NULL,'$2y$12$OzWbp0XwUHBKkF1fkN3DcuEdTjlKfzbPg6gpuLp1obX1wwjx1qdIG',NULL,NULL,NULL,1,NULL,NULL,'DONGOLIVERAT','Dong','Oliver','Dong Oliver',NULL,NULL,'dong_oliver',4,1);
INSERT INTO users VALUES(96,'Chuong Sotheavy','Chuong.Sotheavy@diu.edu.kh',NULL,'$2y$12$OzWbp0XwUHBKkF1fkN3DcuEdTjlKfzbPg6gpuLp1obX1wwjx1qdIG',NULL,'2026-03-21 04:48:00','2026-03-21 04:48:00',2,'student',NULL,'$2y$12$OzWbp0XwUHBKkF1fkN3DcuEdTjlKfzbPg6gpuLp1obX1wwjx1qdIG',NULL,NULL,NULL,1,NULL,NULL,'CHUONGSOTHEA1','Chuong','Sotheavy','Chuong Sotheavy',NULL,NULL,'chuong_sotheavy',4,1);
INSERT INTO users VALUES(97,'Chhouk Somavatey','Chhouk.Somavatey@diu.edu.kh',NULL,'$2y$12$OzWbp0XwUHBKkF1fkN3DcuEdTjlKfzbPg6gpuLp1obX1wwjx1qdIG',NULL,'2026-03-21 04:48:00','2026-03-21 04:48:00',2,'student',NULL,'$2y$12$OzWbp0XwUHBKkF1fkN3DcuEdTjlKfzbPg6gpuLp1obX1wwjx1qdIG',NULL,NULL,NULL,1,NULL,NULL,'CHHOUKSOMAVA','Chhouk','Somavatey','Chhouk Somavatey',NULL,NULL,'chhouk_somavatey',4,1);
INSERT INTO users VALUES(98,'Dy Panharith','Dy.Panharith@diu.edu.kh',NULL,'$2y$12$OzWbp0XwUHBKkF1fkN3DcuEdTjlKfzbPg6gpuLp1obX1wwjx1qdIG',NULL,'2026-03-21 04:48:00','2026-03-21 04:48:00',2,'student',NULL,'$2y$12$OzWbp0XwUHBKkF1fkN3DcuEdTjlKfzbPg6gpuLp1obX1wwjx1qdIG',NULL,NULL,NULL,1,NULL,NULL,'DYPANHARITHA','Dy','Panharith','Dy Panharith',NULL,NULL,'dy_panharith',4,1);
INSERT INTO users VALUES(99,'Dy Sovannarynika','Dy.Sovannarynika@diu.edu.kh',NULL,'$2y$12$OzWbp0XwUHBKkF1fkN3DcuEdTjlKfzbPg6gpuLp1obX1wwjx1qdIG',NULL,'2026-03-21 04:48:00','2026-03-21 04:48:00',2,'student',NULL,'$2y$12$OzWbp0XwUHBKkF1fkN3DcuEdTjlKfzbPg6gpuLp1obX1wwjx1qdIG',NULL,NULL,NULL,1,NULL,NULL,'DYSOVANNARYN','Dy','Sovannarynika','Dy Sovannarynika',NULL,NULL,'dy_sovannarynika',4,1);
INSERT INTO users VALUES(100,'Meas Povlyheng','Meas.Povlyheng@diu.edu.kh',NULL,'$2y$12$OzWbp0XwUHBKkF1fkN3DcuEdTjlKfzbPg6gpuLp1obX1wwjx1qdIG',NULL,'2026-03-21 04:48:00','2026-03-21 04:48:00',2,'student',NULL,'$2y$12$OzWbp0XwUHBKkF1fkN3DcuEdTjlKfzbPg6gpuLp1obX1wwjx1qdIG',NULL,NULL,NULL,1,NULL,NULL,'MEASPOVLYHEN','Meas','Povlyheng','Meas Povlyheng',NULL,NULL,'meas_povlyheng',4,1);
INSERT INTO users VALUES(101,'Sokh Puttireach','Sokh.Puttireach@diu.edu.kh',NULL,'$2y$12$OzWbp0XwUHBKkF1fkN3DcuEdTjlKfzbPg6gpuLp1obX1wwjx1qdIG',NULL,'2026-03-21 04:48:00','2026-03-21 04:48:00',2,'student',NULL,'$2y$12$OzWbp0XwUHBKkF1fkN3DcuEdTjlKfzbPg6gpuLp1obX1wwjx1qdIG',NULL,NULL,NULL,1,NULL,NULL,'SOKHPUTTIREA','Sokh','Puttireach','Sokh Puttireach',NULL,NULL,'sokh_puttireach',4,1);
INSERT INTO users VALUES(102,'Heng ChuePai','Heng.ChuePai@diu.edu.kh',NULL,'$2y$12$OzWbp0XwUHBKkF1fkN3DcuEdTjlKfzbPg6gpuLp1obX1wwjx1qdIG',NULL,'2026-03-21 04:48:00','2026-03-21 04:48:00',2,'student',NULL,'$2y$12$OzWbp0XwUHBKkF1fkN3DcuEdTjlKfzbPg6gpuLp1obX1wwjx1qdIG',NULL,NULL,NULL,1,NULL,NULL,'HENGCHUEPAIA','Heng','ChuePai','Heng ChuePai',NULL,NULL,'heng_chuepai',4,1);
INSERT INTO users VALUES(103,'Kroeun Ronasmith','Kroeun.Ronasmith@diu.edu.kh',NULL,'$2y$12$OzWbp0XwUHBKkF1fkN3DcuEdTjlKfzbPg6gpuLp1obX1wwjx1qdIG',NULL,'2026-03-21 04:48:00','2026-03-21 04:48:00',2,'student',NULL,'$2y$12$OzWbp0XwUHBKkF1fkN3DcuEdTjlKfzbPg6gpuLp1obX1wwjx1qdIG',NULL,NULL,NULL,1,NULL,NULL,'KROEUNRONASM','Kroeun','Ronasmith','Kroeun Ronasmith',NULL,NULL,'kroeun_ronasmith',4,1);
INSERT INTO users VALUES(104,'Chhon Borasithavath','Chhon.Borasithavath@diu.edu.kh',NULL,'$2y$12$OzWbp0XwUHBKkF1fkN3DcuEdTjlKfzbPg6gpuLp1obX1wwjx1qdIG',NULL,'2026-03-21 04:48:00','2026-03-21 04:48:00',2,'student',NULL,'$2y$12$OzWbp0XwUHBKkF1fkN3DcuEdTjlKfzbPg6gpuLp1obX1wwjx1qdIG',NULL,NULL,NULL,1,NULL,NULL,'CHHONBORASIT','Chhon','Borasithavath','Chhon Borasithavath',NULL,NULL,'chhon_borasithavath',4,1);
INSERT INTO users VALUES(105,'Chhieng Vethanuk','Chhieng.Vethanuk@diu.edu.kh',NULL,'$2y$12$OzWbp0XwUHBKkF1fkN3DcuEdTjlKfzbPg6gpuLp1obX1wwjx1qdIG',NULL,'2026-03-21 04:48:00','2026-03-21 04:48:00',2,'student',NULL,'$2y$12$OzWbp0XwUHBKkF1fkN3DcuEdTjlKfzbPg6gpuLp1obX1wwjx1qdIG',NULL,NULL,NULL,1,NULL,NULL,'CHHIENGVETHA','Chhieng','Vethanuk','Chhieng Vethanuk',NULL,NULL,'chhieng_vethanuk',4,1);
INSERT INTO users VALUES(106,'Thoeun Somalita','Thoeun.Somalita@diu.edu.kh',NULL,'$2y$12$OzWbp0XwUHBKkF1fkN3DcuEdTjlKfzbPg6gpuLp1obX1wwjx1qdIG',NULL,'2026-03-21 04:48:00','2026-03-21 04:48:00',2,'student',NULL,'$2y$12$OzWbp0XwUHBKkF1fkN3DcuEdTjlKfzbPg6gpuLp1obX1wwjx1qdIG',NULL,NULL,NULL,1,NULL,NULL,'THOEUNSOMALI','Thoeun','Somalita','Thoeun Somalita',NULL,NULL,'thoeun_somalita',4,1);
INSERT INTO users VALUES(107,'Rom Ruby','Rom.Ruby@diu.edu.kh',NULL,'$2y$12$OzWbp0XwUHBKkF1fkN3DcuEdTjlKfzbPg6gpuLp1obX1wwjx1qdIG',NULL,'2026-03-21 04:48:00','2026-03-21 04:48:00',2,'student',NULL,'$2y$12$OzWbp0XwUHBKkF1fkN3DcuEdTjlKfzbPg6gpuLp1obX1wwjx1qdIG',NULL,NULL,NULL,1,NULL,NULL,'ROMRUBYATDIU','Rom','Ruby','Rom Ruby',NULL,NULL,'rom_ruby',4,1);
INSERT INTO users VALUES(108,'Yom Meyjing','Yom.Meyjing@diu.edu.kh',NULL,'$2y$12$OzWbp0XwUHBKkF1fkN3DcuEdTjlKfzbPg6gpuLp1obX1wwjx1qdIG',NULL,'2026-03-21 04:48:00','2026-03-21 04:48:00',2,'student',NULL,'$2y$12$OzWbp0XwUHBKkF1fkN3DcuEdTjlKfzbPg6gpuLp1obX1wwjx1qdIG',NULL,NULL,NULL,1,NULL,NULL,'YOMMEYJINGAT','Yom','Meyjing','Yom Meyjing',NULL,NULL,'yom_meyjing',4,1);
INSERT INTO users VALUES(109,'Vibol Panhaseth','Vibol.Panhaseth@diu.edu.kh',NULL,'$2y$12$OzWbp0XwUHBKkF1fkN3DcuEdTjlKfzbPg6gpuLp1obX1wwjx1qdIG',NULL,'2026-03-21 04:48:00','2026-03-21 04:48:00',2,'student',NULL,'$2y$12$OzWbp0XwUHBKkF1fkN3DcuEdTjlKfzbPg6gpuLp1obX1wwjx1qdIG',NULL,NULL,NULL,1,NULL,NULL,'VIBOLPANHASE','Vibol','Panhaseth','Vibol Panhaseth',NULL,NULL,'vibol_panhaseth',4,1);
INSERT INTO users VALUES(110,'Se Chanthamonypich','Se.Chanthamonypich@diu.edu.kh',NULL,'$2y$12$OzWbp0XwUHBKkF1fkN3DcuEdTjlKfzbPg6gpuLp1obX1wwjx1qdIG',NULL,'2026-03-21 04:48:00','2026-03-21 04:48:00',2,'student',NULL,'$2y$12$OzWbp0XwUHBKkF1fkN3DcuEdTjlKfzbPg6gpuLp1obX1wwjx1qdIG',NULL,NULL,NULL,1,NULL,NULL,'SECHANTHAMON1','Se','Chanthamonypich','Se Chanthamonypich',NULL,NULL,'se_chanthamonypich',4,1);
INSERT INTO users VALUES(111,'Kheng Kimse','Kheng.Kimse@diu.edu.kh',NULL,'$2y$12$OzWbp0XwUHBKkF1fkN3DcuEdTjlKfzbPg6gpuLp1obX1wwjx1qdIG',NULL,'2026-03-21 04:48:00','2026-03-21 04:48:00',2,'student',NULL,'$2y$12$OzWbp0XwUHBKkF1fkN3DcuEdTjlKfzbPg6gpuLp1obX1wwjx1qdIG',NULL,NULL,NULL,1,NULL,NULL,'KHENGKIMSEAT','Kheng','Kimse','Kheng Kimse',NULL,NULL,'kheng_kimse',4,1);
INSERT INTO users VALUES(112,'Hoem Chanlika','Hoem.Chanlika@diu.edu.kh',NULL,'$2y$12$OzWbp0XwUHBKkF1fkN3DcuEdTjlKfzbPg6gpuLp1obX1wwjx1qdIG',NULL,'2026-03-21 04:48:00','2026-03-21 04:48:00',2,'student',NULL,'$2y$12$OzWbp0XwUHBKkF1fkN3DcuEdTjlKfzbPg6gpuLp1obX1wwjx1qdIG',NULL,NULL,NULL,1,NULL,NULL,'HOEMCHANLIKA','Hoem','Chanlika','Hoem Chanlika',NULL,NULL,'hoem_chanlika',4,1);
INSERT INTO users VALUES(113,'Ob Somavatey','Ob.Somavatey@diu.edu.kh',NULL,'$2y$12$OzWbp0XwUHBKkF1fkN3DcuEdTjlKfzbPg6gpuLp1obX1wwjx1qdIG',NULL,'2026-03-21 04:48:00','2026-03-21 04:48:00',2,'student',NULL,'$2y$12$OzWbp0XwUHBKkF1fkN3DcuEdTjlKfzbPg6gpuLp1obX1wwjx1qdIG',NULL,NULL,NULL,1,NULL,NULL,'OBSOMAVATEYA','Ob','Somavatey','Ob Somavatey',NULL,NULL,'ob_somavatey',4,1);
INSERT INTO users VALUES(114,'Phan Sokreach','Phan.Sokreach@diu.edu.kh',NULL,'$2y$12$OzWbp0XwUHBKkF1fkN3DcuEdTjlKfzbPg6gpuLp1obX1wwjx1qdIG',NULL,'2026-03-21 04:48:00','2026-03-21 04:48:00',2,'student',NULL,'$2y$12$OzWbp0XwUHBKkF1fkN3DcuEdTjlKfzbPg6gpuLp1obX1wwjx1qdIG',NULL,NULL,NULL,1,NULL,NULL,'PHANSOKREACH1','Phan','Sokreach','Phan Sokreach',NULL,NULL,'phan_sokreach',4,1);
INSERT INTO users VALUES(115,'Pheang Kachha','Pheang.Kachha@diu.edu.kh',NULL,'$2y$12$OzWbp0XwUHBKkF1fkN3DcuEdTjlKfzbPg6gpuLp1obX1wwjx1qdIG',NULL,'2026-03-21 04:48:00','2026-03-21 04:48:00',2,'student',NULL,'$2y$12$OzWbp0XwUHBKkF1fkN3DcuEdTjlKfzbPg6gpuLp1obX1wwjx1qdIG',NULL,NULL,NULL,1,NULL,NULL,'PHEANGKACHHA','Pheang','Kachha','Pheang Kachha',NULL,NULL,'pheang_kachha',4,1);
INSERT INTO users VALUES(116,'Thoeurn Praktheb','Thoeurn.Praktheb@diu.edu.kh',NULL,'$2y$12$OzWbp0XwUHBKkF1fkN3DcuEdTjlKfzbPg6gpuLp1obX1wwjx1qdIG',NULL,'2026-03-21 04:48:00','2026-03-21 04:48:00',2,'student',NULL,'$2y$12$OzWbp0XwUHBKkF1fkN3DcuEdTjlKfzbPg6gpuLp1obX1wwjx1qdIG',NULL,NULL,NULL,1,NULL,NULL,'THOEURNPRAKT','Thoeurn','Praktheb','Thoeurn Praktheb',NULL,NULL,'thoeurn_praktheb',4,1);
INSERT INTO users VALUES(117,'Makara Sovansomaly','Makara.Sovansomaly@diu.edu.kh',NULL,'$2y$12$OzWbp0XwUHBKkF1fkN3DcuEdTjlKfzbPg6gpuLp1obX1wwjx1qdIG',NULL,'2026-03-21 04:48:00','2026-03-21 04:48:00',2,'student',NULL,'$2y$12$OzWbp0XwUHBKkF1fkN3DcuEdTjlKfzbPg6gpuLp1obX1wwjx1qdIG',NULL,NULL,NULL,1,NULL,NULL,'MAKARASOVANS','Makara','Sovansomaly','Makara Sovansomaly',NULL,NULL,'makara_sovansomaly',4,1);
INSERT INTO users VALUES(118,'Poeng Lyhav','Poeng.Lyhav@diu.edu.kh',NULL,'$2y$12$OzWbp0XwUHBKkF1fkN3DcuEdTjlKfzbPg6gpuLp1obX1wwjx1qdIG',NULL,'2026-03-21 04:48:00','2026-03-21 04:48:00',2,'student',NULL,'$2y$12$OzWbp0XwUHBKkF1fkN3DcuEdTjlKfzbPg6gpuLp1obX1wwjx1qdIG',NULL,NULL,NULL,1,NULL,NULL,'POENGLYHAVAT','Poeng','Lyhav','Poeng Lyhav',NULL,NULL,'poeng_lyhav',4,1);
INSERT INTO users VALUES(119,'Rathana Vanchhay','Rathana.Vanchhay@diu.edu.kh',NULL,'$2y$12$OzWbp0XwUHBKkF1fkN3DcuEdTjlKfzbPg6gpuLp1obX1wwjx1qdIG',NULL,'2026-03-21 04:48:00','2026-03-21 04:48:00',2,'student',NULL,'$2y$12$OzWbp0XwUHBKkF1fkN3DcuEdTjlKfzbPg6gpuLp1obX1wwjx1qdIG',NULL,NULL,NULL,1,NULL,NULL,'RATHANAVANCH','Rathana','Vanchhay','Rathana Vanchhay',NULL,NULL,'rathana_vanchhay',4,1);
INSERT INTO users VALUES(120,'Srouy Vannvisal','Srouy.Vannvisal@diu.edu.kh',NULL,'$2y$12$OzWbp0XwUHBKkF1fkN3DcuEdTjlKfzbPg6gpuLp1obX1wwjx1qdIG',NULL,'2026-03-21 04:48:00','2026-03-21 04:48:00',2,'student',NULL,'$2y$12$OzWbp0XwUHBKkF1fkN3DcuEdTjlKfzbPg6gpuLp1obX1wwjx1qdIG',NULL,NULL,NULL,1,NULL,NULL,'SROUYVANNVIS','Srouy','Vannvisal','Srouy Vannvisal',NULL,NULL,'srouy_vannvisal',4,1);
INSERT INTO users VALUES(121,'Hang Ema','Hang.Ema@diu.edu.kh',NULL,'$2y$12$OzWbp0XwUHBKkF1fkN3DcuEdTjlKfzbPg6gpuLp1obX1wwjx1qdIG',NULL,'2026-03-21 04:48:00','2026-03-21 04:48:00',2,'student',NULL,'$2y$12$OzWbp0XwUHBKkF1fkN3DcuEdTjlKfzbPg6gpuLp1obX1wwjx1qdIG',NULL,NULL,NULL,1,NULL,NULL,'HANGEMAATDIU','Hang','Ema','Hang Ema',NULL,NULL,'hang_ema',4,1);
INSERT INTO users VALUES(122,'Heng Chuesun','Heng.Chuesun@diu.edu.kh',NULL,'$2y$12$OzWbp0XwUHBKkF1fkN3DcuEdTjlKfzbPg6gpuLp1obX1wwjx1qdIG',NULL,'2026-03-21 04:48:00','2026-03-21 04:48:00',2,'student',NULL,'$2y$12$OzWbp0XwUHBKkF1fkN3DcuEdTjlKfzbPg6gpuLp1obX1wwjx1qdIG',NULL,NULL,NULL,1,NULL,NULL,'HENGCHUESUNA','Heng','Chuesun','Heng Chuesun',NULL,NULL,'heng_chuesun',4,1);
INSERT INTO users VALUES(123,'Hean Lyhout','Hean.Lyhout@diu.edu.kh',NULL,'$2y$12$OzWbp0XwUHBKkF1fkN3DcuEdTjlKfzbPg6gpuLp1obX1wwjx1qdIG',NULL,'2026-03-21 04:48:00','2026-03-21 04:48:00',2,'student',NULL,'$2y$12$OzWbp0XwUHBKkF1fkN3DcuEdTjlKfzbPg6gpuLp1obX1wwjx1qdIG',NULL,NULL,NULL,1,NULL,NULL,'HEANLYHOUTAT','Hean','Lyhout','Hean Lyhout',NULL,NULL,'hean_lyhout',4,1);
INSERT INTO users VALUES(124,'Chea Seang E','Chea.SeangE@diu.edu.kh',NULL,'$2y$12$OzWbp0XwUHBKkF1fkN3DcuEdTjlKfzbPg6gpuLp1obX1wwjx1qdIG',NULL,'2026-03-21 04:48:00','2026-03-21 04:48:00',2,'student',NULL,'$2y$12$OzWbp0XwUHBKkF1fkN3DcuEdTjlKfzbPg6gpuLp1obX1wwjx1qdIG',NULL,NULL,NULL,1,NULL,NULL,'CHEASEANGEAT','Chea','Seang E','Chea Seang E',NULL,NULL,'chea_seange',4,1);
INSERT INTO users VALUES(125,'Chea Chien Minh','Chea.ChienMinh@diu.edu.kh',NULL,'$2y$12$OzWbp0XwUHBKkF1fkN3DcuEdTjlKfzbPg6gpuLp1obX1wwjx1qdIG',NULL,'2026-03-21 04:48:00','2026-03-21 04:48:00',2,'student',NULL,'$2y$12$OzWbp0XwUHBKkF1fkN3DcuEdTjlKfzbPg6gpuLp1obX1wwjx1qdIG',NULL,NULL,NULL,1,NULL,NULL,'CHEACHIENMIN','Chea','Chien Minh','Chea Chien Minh',NULL,NULL,'chea_chienminh',4,1);
INSERT INTO users VALUES(126,'Dina Thannadi','Dina.Thannadi@diu.edu.kh',NULL,'$2y$12$OzWbp0XwUHBKkF1fkN3DcuEdTjlKfzbPg6gpuLp1obX1wwjx1qdIG',NULL,'2026-03-21 04:48:00','2026-03-21 04:48:00',2,'student',NULL,'$2y$12$OzWbp0XwUHBKkF1fkN3DcuEdTjlKfzbPg6gpuLp1obX1wwjx1qdIG',NULL,NULL,NULL,1,NULL,NULL,'DINATHANNADI','Dina','Thannadi','Dina Thannadi',NULL,NULL,'dina_thannadi',4,1);
INSERT INTO users VALUES(127,'Tan Vearaksak','Tan.Vearaksak@diu.edu.kh',NULL,'$2y$12$OzWbp0XwUHBKkF1fkN3DcuEdTjlKfzbPg6gpuLp1obX1wwjx1qdIG',NULL,'2026-03-21 04:48:00','2026-03-21 04:48:00',2,'student',NULL,'$2y$12$OzWbp0XwUHBKkF1fkN3DcuEdTjlKfzbPg6gpuLp1obX1wwjx1qdIG',NULL,NULL,NULL,1,NULL,NULL,'TANVEARAKSAK','Tan','Vearaksak','Tan Vearaksak',NULL,NULL,'tan_vearaksak',4,1);
INSERT INTO users VALUES(128,'Tonghann Kinghong','Tonghann.Kinghong@diu.edu.kh',NULL,'$2y$12$OzWbp0XwUHBKkF1fkN3DcuEdTjlKfzbPg6gpuLp1obX1wwjx1qdIG',NULL,'2026-03-21 04:48:00','2026-03-21 04:48:00',2,'student',NULL,'$2y$12$OzWbp0XwUHBKkF1fkN3DcuEdTjlKfzbPg6gpuLp1obX1wwjx1qdIG',NULL,NULL,NULL,1,NULL,NULL,'TONGHANNKING','Tonghann','Kinghong','Tonghann Kinghong',NULL,NULL,'tonghann_kinghong',4,1);
INSERT INTO users VALUES(129,'Tur Meyling','Tur.Meyling@diu.edu.kh',NULL,'$2y$12$OzWbp0XwUHBKkF1fkN3DcuEdTjlKfzbPg6gpuLp1obX1wwjx1qdIG',NULL,'2026-03-21 04:48:00','2026-03-21 04:48:00',2,'student',NULL,'$2y$12$OzWbp0XwUHBKkF1fkN3DcuEdTjlKfzbPg6gpuLp1obX1wwjx1qdIG',NULL,NULL,NULL,1,NULL,NULL,'TURMEYLINGAT','Tur','Meyling','Tur Meyling',NULL,NULL,'tur_meyling',4,1);
INSERT INTO users VALUES(130,'Ny Vouchnea','Ny.Vouchnea@diu.edu.kh',NULL,'$2y$12$OzWbp0XwUHBKkF1fkN3DcuEdTjlKfzbPg6gpuLp1obX1wwjx1qdIG',NULL,'2026-03-21 04:48:00','2026-03-21 04:48:00',2,'student',NULL,'$2y$12$OzWbp0XwUHBKkF1fkN3DcuEdTjlKfzbPg6gpuLp1obX1wwjx1qdIG',NULL,NULL,NULL,1,NULL,NULL,'NYVOUCHNEAAT','Ny','Vouchnea','Ny Vouchnea',NULL,NULL,'ny_vouchnea',4,1);
INSERT INTO users VALUES(131,'Bun Siveling','Bun.Siveling@diu.edu.kh',NULL,'$2y$12$OzWbp0XwUHBKkF1fkN3DcuEdTjlKfzbPg6gpuLp1obX1wwjx1qdIG',NULL,'2026-03-21 04:48:00','2026-03-21 04:48:00',2,'student',NULL,'$2y$12$OzWbp0XwUHBKkF1fkN3DcuEdTjlKfzbPg6gpuLp1obX1wwjx1qdIG',NULL,NULL,NULL,1,NULL,NULL,'BUNSIVELINGA','Bun','Siveling','Bun Siveling',NULL,NULL,'bun_siveling',4,1);
INSERT INTO users VALUES(132,'Phorn Phaneth','Phorn.Phaneth@diu.edu.kh',NULL,'$2y$12$OzWbp0XwUHBKkF1fkN3DcuEdTjlKfzbPg6gpuLp1obX1wwjx1qdIG',NULL,'2026-03-21 04:48:00','2026-03-21 04:48:00',2,'student',NULL,'$2y$12$OzWbp0XwUHBKkF1fkN3DcuEdTjlKfzbPg6gpuLp1obX1wwjx1qdIG',NULL,NULL,NULL,1,NULL,NULL,'PHORNPHANETH','Phorn','Phaneth','Phorn Phaneth',NULL,NULL,'phorn_phaneth',4,1);
INSERT INTO users VALUES(133,'Meas Vichai Sombathrathana','Meas.VichaiSombathrathana@diu.edu.kh',NULL,'$2y$12$OzWbp0XwUHBKkF1fkN3DcuEdTjlKfzbPg6gpuLp1obX1wwjx1qdIG',NULL,'2026-03-21 04:48:00','2026-03-21 04:48:00',2,'student',NULL,'$2y$12$OzWbp0XwUHBKkF1fkN3DcuEdTjlKfzbPg6gpuLp1obX1wwjx1qdIG',NULL,NULL,NULL,1,NULL,NULL,'MEASVICHAISO','Meas','Vichai Sombathrathana','Meas Vichai Sombathrathana',NULL,NULL,'meas_vichaisombathrathana',4,1);
INSERT INTO users VALUES(134,'Morn Kimlang','Morn.Kimlang@diu.edu.kh',NULL,'$2y$12$OzWbp0XwUHBKkF1fkN3DcuEdTjlKfzbPg6gpuLp1obX1wwjx1qdIG',NULL,'2026-03-21 04:48:00','2026-03-21 04:48:00',2,'student',NULL,'$2y$12$OzWbp0XwUHBKkF1fkN3DcuEdTjlKfzbPg6gpuLp1obX1wwjx1qdIG',NULL,NULL,NULL,1,NULL,NULL,'MORNKIMLANGA','Morn','Kimlang','Morn Kimlang',NULL,NULL,'morn_kimlang',4,1);
INSERT INTO users VALUES(135,'Vibol Panhareach','Vibol.Panhareach@diu.edu.kh',NULL,'$2y$12$OzWbp0XwUHBKkF1fkN3DcuEdTjlKfzbPg6gpuLp1obX1wwjx1qdIG',NULL,'2026-03-21 04:48:00','2026-03-21 04:48:00',2,'student',NULL,'$2y$12$OzWbp0XwUHBKkF1fkN3DcuEdTjlKfzbPg6gpuLp1obX1wwjx1qdIG',NULL,NULL,NULL,1,NULL,NULL,'VIBOLPANHARE','Vibol','Panhareach','Vibol Panhareach',NULL,NULL,'vibol_panhareach',4,1);
INSERT INTO users VALUES(136,'Vuthy Kimheng','Vuthy.Kimheng@diu.edu.kh',NULL,'$2y$12$OzWbp0XwUHBKkF1fkN3DcuEdTjlKfzbPg6gpuLp1obX1wwjx1qdIG',NULL,'2026-03-21 04:48:00','2026-03-21 04:48:00',2,'student',NULL,'$2y$12$OzWbp0XwUHBKkF1fkN3DcuEdTjlKfzbPg6gpuLp1obX1wwjx1qdIG',NULL,NULL,NULL,1,NULL,NULL,'VUTHYKIMHENG','Vuthy','Kimheng','Vuthy Kimheng',NULL,NULL,'vuthy_kimheng',4,1);
INSERT INTO users VALUES(137,'Set Soun Er','Set.SounEr@diu.edu.kh',NULL,'$2y$12$OzWbp0XwUHBKkF1fkN3DcuEdTjlKfzbPg6gpuLp1obX1wwjx1qdIG',NULL,'2026-03-21 04:48:00','2026-03-21 04:48:00',2,'student',NULL,'$2y$12$OzWbp0XwUHBKkF1fkN3DcuEdTjlKfzbPg6gpuLp1obX1wwjx1qdIG',NULL,NULL,NULL,1,NULL,NULL,'SETSOUNERATD','Set','Soun Er','Set Soun Er',NULL,NULL,'set_souner',4,1);
INSERT INTO users VALUES(138,'Em Rachana','Em.Rachana@diu.edu.kh',NULL,'$2y$12$OzWbp0XwUHBKkF1fkN3DcuEdTjlKfzbPg6gpuLp1obX1wwjx1qdIG',NULL,'2026-03-21 04:48:00','2026-03-21 04:48:00',2,'student',NULL,'$2y$12$OzWbp0XwUHBKkF1fkN3DcuEdTjlKfzbPg6gpuLp1obX1wwjx1qdIG',NULL,NULL,NULL,1,NULL,NULL,'EMRACHANAATD','Em','Rachana','Em Rachana',NULL,NULL,'em_rachana',4,1);
INSERT INTO users VALUES(139,'Han Dara','Han.Dara@diu.edu.kh',NULL,'$2y$12$OzWbp0XwUHBKkF1fkN3DcuEdTjlKfzbPg6gpuLp1obX1wwjx1qdIG',NULL,'2026-03-21 04:48:00','2026-03-21 04:48:00',2,'student',NULL,'$2y$12$OzWbp0XwUHBKkF1fkN3DcuEdTjlKfzbPg6gpuLp1obX1wwjx1qdIG',NULL,NULL,NULL,1,NULL,NULL,'HANDARAATDIU','Han','Dara','Han Dara',NULL,NULL,'han_dara',4,1);
INSERT INTO users VALUES(140,'Han Darith','Han.Darith@diu.edu.kh',NULL,'$2y$12$OzWbp0XwUHBKkF1fkN3DcuEdTjlKfzbPg6gpuLp1obX1wwjx1qdIG',NULL,'2026-03-21 04:48:00','2026-03-21 04:48:00',2,'student',NULL,'$2y$12$OzWbp0XwUHBKkF1fkN3DcuEdTjlKfzbPg6gpuLp1obX1wwjx1qdIG',NULL,NULL,NULL,1,NULL,NULL,'HANDARITHATD','Han','Darith','Han Darith',NULL,NULL,'han_darith',4,1);
INSERT INTO users VALUES(141,'Ek Mengchhun','Ek.Mengchhun@diu.edu.kh',NULL,'$2y$12$OzWbp0XwUHBKkF1fkN3DcuEdTjlKfzbPg6gpuLp1obX1wwjx1qdIG',NULL,'2026-03-21 04:48:00','2026-03-21 04:48:00',2,'student',NULL,'$2y$12$OzWbp0XwUHBKkF1fkN3DcuEdTjlKfzbPg6gpuLp1obX1wwjx1qdIG',NULL,NULL,NULL,1,NULL,NULL,'EKMENGCHHUNA','Ek','Mengchhun','Ek Mengchhun',NULL,NULL,'ek_mengchhun',4,1);
INSERT INTO users VALUES(142,'Vuth Kimchanserey','Vuth.Kimchanserey@diu.edu.kh',NULL,'$2y$12$OzWbp0XwUHBKkF1fkN3DcuEdTjlKfzbPg6gpuLp1obX1wwjx1qdIG',NULL,'2026-03-21 04:48:00','2026-03-21 04:48:00',2,'student',NULL,'$2y$12$OzWbp0XwUHBKkF1fkN3DcuEdTjlKfzbPg6gpuLp1obX1wwjx1qdIG',NULL,NULL,NULL,1,NULL,NULL,'VUTHKIMCHANS','Vuth','Kimchanserey','Vuth Kimchanserey',NULL,NULL,'vuth_kimchanserey',4,1);
INSERT INTO users VALUES(143,'Proem Yuby','Proem.Yuby@diu.edu.kh',NULL,'$2y$12$OzWbp0XwUHBKkF1fkN3DcuEdTjlKfzbPg6gpuLp1obX1wwjx1qdIG',NULL,'2026-03-21 04:48:00','2026-03-21 04:48:00',2,'student',NULL,'$2y$12$OzWbp0XwUHBKkF1fkN3DcuEdTjlKfzbPg6gpuLp1obX1wwjx1qdIG',NULL,NULL,NULL,1,NULL,NULL,'PROEMYUBYATD','Proem','Yuby','Proem Yuby',NULL,NULL,'proem_yuby',4,1);
INSERT INTO users VALUES(144,'Gouv Kimsear','Gouv.Kimsear@diu.edu.kh',NULL,'$2y$12$OzWbp0XwUHBKkF1fkN3DcuEdTjlKfzbPg6gpuLp1obX1wwjx1qdIG',NULL,'2026-03-21 04:48:00','2026-03-21 04:48:00',2,'student',NULL,'$2y$12$OzWbp0XwUHBKkF1fkN3DcuEdTjlKfzbPg6gpuLp1obX1wwjx1qdIG',NULL,NULL,NULL,1,NULL,NULL,'GOUVKIMSEARA','Gouv','Kimsear','Gouv Kimsear',NULL,NULL,'gouv_kimsear',4,1);
INSERT INTO users VALUES(145,'Vuth Vongvuthy','Vuth.Vongvuthy@diu.edu.kh',NULL,'$2y$12$OzWbp0XwUHBKkF1fkN3DcuEdTjlKfzbPg6gpuLp1obX1wwjx1qdIG',NULL,'2026-03-21 04:48:00','2026-03-21 04:48:00',2,'student',NULL,'$2y$12$OzWbp0XwUHBKkF1fkN3DcuEdTjlKfzbPg6gpuLp1obX1wwjx1qdIG',NULL,NULL,NULL,1,NULL,NULL,'VUTHVONGVUTH','Vuth','Vongvuthy','Vuth Vongvuthy',NULL,NULL,'vuth_vongvuthy',4,1);
INSERT INTO users VALUES(146,'Chea SengHok','Chea.SengHok@diu.edu.kh',NULL,'$2y$12$OzWbp0XwUHBKkF1fkN3DcuEdTjlKfzbPg6gpuLp1obX1wwjx1qdIG',NULL,'2026-03-21 04:48:00','2026-03-21 04:48:00',2,'student',NULL,'$2y$12$OzWbp0XwUHBKkF1fkN3DcuEdTjlKfzbPg6gpuLp1obX1wwjx1qdIG',NULL,NULL,NULL,1,NULL,NULL,'CHEASENGHOKA','Chea','SengHok','Chea SengHok',NULL,NULL,'chea_senghok',4,1);
INSERT INTO users VALUES(147,'Thang Lysean','Thang.Lysean@diu.edu.kh',NULL,'$2y$12$OzWbp0XwUHBKkF1fkN3DcuEdTjlKfzbPg6gpuLp1obX1wwjx1qdIG',NULL,'2026-03-21 04:48:00','2026-03-21 04:48:00',2,'student',NULL,'$2y$12$OzWbp0XwUHBKkF1fkN3DcuEdTjlKfzbPg6gpuLp1obX1wwjx1qdIG',NULL,NULL,NULL,1,NULL,NULL,'THANGLYSEANA','Thang','Lysean','Thang Lysean',NULL,NULL,'thang_lysean',4,1);
INSERT INTO users VALUES(148,'Tan Arita','Tan.Arita@diu.edu.kh',NULL,'$2y$12$OzWbp0XwUHBKkF1fkN3DcuEdTjlKfzbPg6gpuLp1obX1wwjx1qdIG',NULL,'2026-03-21 04:48:00','2026-03-21 04:48:00',2,'student',NULL,'$2y$12$OzWbp0XwUHBKkF1fkN3DcuEdTjlKfzbPg6gpuLp1obX1wwjx1qdIG',NULL,NULL,NULL,1,NULL,NULL,'TANARITAATDI','Tan','Arita','Tan Arita',NULL,NULL,'tan_arita',4,1);
INSERT INTO users VALUES(149,'Tim Panhapich','Tim.Panhapich@diu.edu.kh',NULL,'$2y$12$OzWbp0XwUHBKkF1fkN3DcuEdTjlKfzbPg6gpuLp1obX1wwjx1qdIG',NULL,'2026-03-21 04:48:00','2026-03-21 04:48:00',2,'student',NULL,'$2y$12$OzWbp0XwUHBKkF1fkN3DcuEdTjlKfzbPg6gpuLp1obX1wwjx1qdIG',NULL,NULL,NULL,1,NULL,NULL,'TIMPANHAPICH','Tim','Panhapich','Tim Panhapich',NULL,NULL,'tim_panhapich',4,1);
INSERT INTO users VALUES(150,'Panha Chumeng','Panha.Chumeng@diu.edu.kh',NULL,'$2y$12$OzWbp0XwUHBKkF1fkN3DcuEdTjlKfzbPg6gpuLp1obX1wwjx1qdIG',NULL,'2026-03-21 04:48:00','2026-03-21 04:48:00',2,'student',NULL,'$2y$12$OzWbp0XwUHBKkF1fkN3DcuEdTjlKfzbPg6gpuLp1obX1wwjx1qdIG',NULL,NULL,NULL,1,NULL,NULL,'PANHACHUMENG','Panha','Chumeng','Panha Chumeng',NULL,NULL,'panha_chumeng',4,1);
INSERT INTO users VALUES(151,'Ren Narin','Ren.Narin@diu.edu.kh',NULL,'$2y$12$OzWbp0XwUHBKkF1fkN3DcuEdTjlKfzbPg6gpuLp1obX1wwjx1qdIG',NULL,'2026-03-21 04:48:00','2026-03-21 04:48:00',2,'student',NULL,'$2y$12$OzWbp0XwUHBKkF1fkN3DcuEdTjlKfzbPg6gpuLp1obX1wwjx1qdIG',NULL,NULL,NULL,1,NULL,NULL,'RENNARINATDI','Ren','Narin','Ren Narin',NULL,NULL,'ren_narin',4,1);
INSERT INTO users VALUES(152,'Loeup Chihun','Loeup.Chihun@diu.edu.kh',NULL,'$2y$12$OzWbp0XwUHBKkF1fkN3DcuEdTjlKfzbPg6gpuLp1obX1wwjx1qdIG',NULL,'2026-03-21 04:48:00','2026-03-21 04:48:00',2,'student',NULL,'$2y$12$OzWbp0XwUHBKkF1fkN3DcuEdTjlKfzbPg6gpuLp1obX1wwjx1qdIG',NULL,NULL,NULL,1,NULL,NULL,'LOEUPCHIHUNA','Loeup','Chihun','Loeup Chihun',NULL,NULL,'loeup_chihun',4,1);
INSERT INTO users VALUES(153,'Ly Hourpheng','Ly.Hourpheng@diu.edu.kh',NULL,'$2y$12$OzWbp0XwUHBKkF1fkN3DcuEdTjlKfzbPg6gpuLp1obX1wwjx1qdIG',NULL,'2026-03-21 04:48:00','2026-03-21 04:48:00',2,'student',NULL,'$2y$12$OzWbp0XwUHBKkF1fkN3DcuEdTjlKfzbPg6gpuLp1obX1wwjx1qdIG',NULL,NULL,NULL,1,NULL,NULL,'LYHOURPHENGA','Ly','Hourpheng','Ly Hourpheng',NULL,NULL,'ly_hourpheng',4,1);
INSERT INTO users VALUES(154,'Lim Infa','Lim.Infa@diu.edu.kh',NULL,'$2y$12$OzWbp0XwUHBKkF1fkN3DcuEdTjlKfzbPg6gpuLp1obX1wwjx1qdIG',NULL,'2026-03-21 04:48:00','2026-03-21 04:48:00',2,'student',NULL,'$2y$12$OzWbp0XwUHBKkF1fkN3DcuEdTjlKfzbPg6gpuLp1obX1wwjx1qdIG',NULL,NULL,NULL,1,NULL,NULL,'LIMINFAATDIU','Lim','Infa','Lim Infa',NULL,NULL,'lim_infa',4,1);
INSERT INTO users VALUES(155,'Voun Sereyreth','Voun.Sereyreth@diu.edu.kh',NULL,'$2y$12$OzWbp0XwUHBKkF1fkN3DcuEdTjlKfzbPg6gpuLp1obX1wwjx1qdIG',NULL,'2026-03-21 04:48:00','2026-03-21 04:48:00',2,'student',NULL,'$2y$12$OzWbp0XwUHBKkF1fkN3DcuEdTjlKfzbPg6gpuLp1obX1wwjx1qdIG',NULL,NULL,NULL,1,NULL,NULL,'VOUNSEREYRET','Voun','Sereyreth','Voun Sereyreth',NULL,NULL,'voun_sereyreth',4,1);
INSERT INTO users VALUES(156,'Hong SuJing','Hong.SuJing@diu.edu.kh',NULL,'$2y$12$OzWbp0XwUHBKkF1fkN3DcuEdTjlKfzbPg6gpuLp1obX1wwjx1qdIG',NULL,'2026-03-21 04:48:00','2026-03-21 04:48:00',2,'student',NULL,'$2y$12$OzWbp0XwUHBKkF1fkN3DcuEdTjlKfzbPg6gpuLp1obX1wwjx1qdIG',NULL,NULL,NULL,1,NULL,NULL,'HONGSUJINGAT','Hong','SuJing','Hong SuJing',NULL,NULL,'hong_sujing',4,1);
INSERT INTO users VALUES(157,'Eng Phanit','Eng.Phanit@diu.edu.kh',NULL,'$2y$12$OzWbp0XwUHBKkF1fkN3DcuEdTjlKfzbPg6gpuLp1obX1wwjx1qdIG',NULL,'2026-03-21 04:48:00','2026-03-21 04:48:00',2,'student',NULL,'$2y$12$OzWbp0XwUHBKkF1fkN3DcuEdTjlKfzbPg6gpuLp1obX1wwjx1qdIG',NULL,NULL,NULL,1,NULL,NULL,'ENGPHANITATD','Eng','Phanit','Eng Phanit',NULL,NULL,'eng_phanit',4,1);
INSERT INTO users VALUES(158,'Kouch Chheng Kim','kouch.ChhengKim@diu.edu.kh',NULL,'$2y$12$OzWbp0XwUHBKkF1fkN3DcuEdTjlKfzbPg6gpuLp1obX1wwjx1qdIG',NULL,'2026-03-21 04:48:00','2026-03-21 04:48:00',2,'student',NULL,'$2y$12$OzWbp0XwUHBKkF1fkN3DcuEdTjlKfzbPg6gpuLp1obX1wwjx1qdIG',NULL,NULL,NULL,1,NULL,NULL,'KOUCHCHHENGK','Kouch','Chheng Kim','Kouch Chheng Kim',NULL,NULL,'kouch_chhengkim',4,1);
INSERT INTO users VALUES(159,'Thoeun Somavatey','Thoeun.Somavatey@diu.edu.kh',NULL,'$2y$12$OzWbp0XwUHBKkF1fkN3DcuEdTjlKfzbPg6gpuLp1obX1wwjx1qdIG',NULL,'2026-03-21 04:48:00','2026-03-21 04:48:00',2,'student',NULL,'$2y$12$OzWbp0XwUHBKkF1fkN3DcuEdTjlKfzbPg6gpuLp1obX1wwjx1qdIG',NULL,NULL,NULL,1,NULL,NULL,'THOEUNSOMAVA','Thoeun','Somavatey','Thoeun Somavatey',NULL,NULL,'thoeun_somavatey',4,1);
INSERT INTO users VALUES(160,'Ny Sokpanha','Ny.Sokpanha@diu.edu.kh',NULL,'$2y$12$OzWbp0XwUHBKkF1fkN3DcuEdTjlKfzbPg6gpuLp1obX1wwjx1qdIG',NULL,'2026-03-21 04:48:00','2026-03-21 04:48:00',2,'student',NULL,'$2y$12$OzWbp0XwUHBKkF1fkN3DcuEdTjlKfzbPg6gpuLp1obX1wwjx1qdIG',NULL,NULL,NULL,1,NULL,NULL,'NYSOKPANHAAT','Ny','Sokpanha','Ny Sokpanha',NULL,NULL,'ny_sokpanha',4,1);
INSERT INTO users VALUES(161,'Tim Reaksa','Tim.Reaksa@diu.edu.kh',NULL,'$2y$12$OzWbp0XwUHBKkF1fkN3DcuEdTjlKfzbPg6gpuLp1obX1wwjx1qdIG',NULL,'2026-03-21 04:48:00','2026-03-21 04:48:00',2,'student',NULL,'$2y$12$OzWbp0XwUHBKkF1fkN3DcuEdTjlKfzbPg6gpuLp1obX1wwjx1qdIG',NULL,NULL,NULL,1,NULL,NULL,'TIMREAKSAATD','Tim','Reaksa','Tim Reaksa',NULL,NULL,'tim_reaksa',4,1);
INSERT INTO users VALUES(162,'Pheap Socheata','Pheap.Socheata@diu.edu.kh',NULL,'$2y$12$OzWbp0XwUHBKkF1fkN3DcuEdTjlKfzbPg6gpuLp1obX1wwjx1qdIG',NULL,'2026-03-21 04:48:00','2026-03-21 04:48:00',2,'student',NULL,'$2y$12$OzWbp0XwUHBKkF1fkN3DcuEdTjlKfzbPg6gpuLp1obX1wwjx1qdIG',NULL,NULL,NULL,1,NULL,NULL,'PHEAPSOCHEAT','Pheap','Socheata','Pheap Socheata',NULL,NULL,'pheap_socheata',4,1);
INSERT INTO users VALUES(163,'Phan Sothea','Phan.Sothea@diu.edu.kh',NULL,'$2y$12$OzWbp0XwUHBKkF1fkN3DcuEdTjlKfzbPg6gpuLp1obX1wwjx1qdIG',NULL,'2026-03-21 04:48:00','2026-03-21 04:48:00',2,'student',NULL,'$2y$12$OzWbp0XwUHBKkF1fkN3DcuEdTjlKfzbPg6gpuLp1obX1wwjx1qdIG',NULL,NULL,NULL,1,NULL,NULL,'PHANSOTHEAAT','Phan','Sothea','Phan Sothea',NULL,NULL,'phan_sothea',4,1);
INSERT INTO users VALUES(164,'Meng Adela','Meng.Adela@diu.edu.kh',NULL,'$2y$12$OzWbp0XwUHBKkF1fkN3DcuEdTjlKfzbPg6gpuLp1obX1wwjx1qdIG',NULL,'2026-03-21 04:48:00','2026-03-21 04:48:00',2,'student',NULL,'$2y$12$OzWbp0XwUHBKkF1fkN3DcuEdTjlKfzbPg6gpuLp1obX1wwjx1qdIG',NULL,NULL,NULL,1,NULL,NULL,'MENGADELAATD','Meng','Adela','Meng Adela',NULL,NULL,'meng_adela',4,1);
INSERT INTO users VALUES(165,'Ream Kimsuo','Ream.Kimsuo@diu.edu.kh',NULL,'$2y$12$OzWbp0XwUHBKkF1fkN3DcuEdTjlKfzbPg6gpuLp1obX1wwjx1qdIG',NULL,'2026-03-21 04:48:00','2026-03-21 04:48:00',2,'student',NULL,'$2y$12$OzWbp0XwUHBKkF1fkN3DcuEdTjlKfzbPg6gpuLp1obX1wwjx1qdIG',NULL,NULL,NULL,1,NULL,NULL,'REAMKIMSUOAT','Ream','Kimsuo','Ream Kimsuo',NULL,NULL,'ream_kimsuo',4,1);
INSERT INTO users VALUES(166,'Voun Sereyvattanak','Voun.Sereyvattanak@diu.edu.kh',NULL,'$2y$12$OzWbp0XwUHBKkF1fkN3DcuEdTjlKfzbPg6gpuLp1obX1wwjx1qdIG',NULL,'2026-03-21 04:48:00','2026-03-21 04:48:00',2,'student',NULL,'$2y$12$OzWbp0XwUHBKkF1fkN3DcuEdTjlKfzbPg6gpuLp1obX1wwjx1qdIG',NULL,NULL,NULL,1,NULL,NULL,'VOUNSEREYVAT','Voun','Sereyvattanak','Voun Sereyvattanak',NULL,NULL,'voun_sereyvattanak',4,1);
INSERT INTO users VALUES(167,'Sarun Sokserytepey','Sarun.Sokserytepey@diu.edu.kh',NULL,'$2y$12$OzWbp0XwUHBKkF1fkN3DcuEdTjlKfzbPg6gpuLp1obX1wwjx1qdIG',NULL,'2026-03-21 04:48:00','2026-03-21 04:48:00',2,'student',NULL,'$2y$12$OzWbp0XwUHBKkF1fkN3DcuEdTjlKfzbPg6gpuLp1obX1wwjx1qdIG',NULL,NULL,NULL,1,NULL,NULL,'SARUNSOKSERY','Sarun','Sokserytepey','Sarun Sokserytepey',NULL,NULL,'sarun_sokserytepey',4,1);
INSERT INTO users VALUES(168,'Sim Sana','Sim.Sana@diu.edu.kh',NULL,'$2y$12$OzWbp0XwUHBKkF1fkN3DcuEdTjlKfzbPg6gpuLp1obX1wwjx1qdIG',NULL,'2026-03-21 04:48:00','2026-03-21 04:48:00',2,'student',NULL,'$2y$12$OzWbp0XwUHBKkF1fkN3DcuEdTjlKfzbPg6gpuLp1obX1wwjx1qdIG',NULL,NULL,NULL,1,NULL,NULL,'SIMSANAATDIU','Sim','Sana','Sim Sana',NULL,NULL,'sim_sana',4,1);
INSERT INTO users VALUES(169,'Seng Rathana','Seng.Rathana@diu.edu.kh',NULL,'$2y$12$OzWbp0XwUHBKkF1fkN3DcuEdTjlKfzbPg6gpuLp1obX1wwjx1qdIG',NULL,'2026-03-21 04:48:00','2026-03-21 04:48:00',2,'student',NULL,'$2y$12$OzWbp0XwUHBKkF1fkN3DcuEdTjlKfzbPg6gpuLp1obX1wwjx1qdIG',NULL,NULL,NULL,1,NULL,NULL,'SENGRATHANAA','Seng','Rathana','Seng Rathana',NULL,NULL,'seng_rathana',4,1);
INSERT INTO users VALUES(170,'Samnang Phanon','Samnang.Phanon@diu.edu.kh',NULL,'$2y$12$OzWbp0XwUHBKkF1fkN3DcuEdTjlKfzbPg6gpuLp1obX1wwjx1qdIG',NULL,'2026-03-21 04:48:00','2026-03-21 04:48:00',2,'student',NULL,'$2y$12$OzWbp0XwUHBKkF1fkN3DcuEdTjlKfzbPg6gpuLp1obX1wwjx1qdIG',NULL,NULL,NULL,1,NULL,NULL,'SAMNANGPHANO','Samnang','Phanon','Samnang Phanon',NULL,NULL,'samnang_phanon',4,1);
INSERT INTO users VALUES(171,'Hou Sokunpanhaseth','Hou.Sokunpanhaseth@diu.edu.kh',NULL,'$2y$12$OzWbp0XwUHBKkF1fkN3DcuEdTjlKfzbPg6gpuLp1obX1wwjx1qdIG',NULL,'2026-03-21 04:48:00','2026-03-21 04:48:00',2,'student',NULL,'$2y$12$OzWbp0XwUHBKkF1fkN3DcuEdTjlKfzbPg6gpuLp1obX1wwjx1qdIG',NULL,NULL,NULL,1,NULL,NULL,'HOUSOKUNPANH','Hou','Sokunpanhaseth','Hou Sokunpanhaseth',NULL,NULL,'hou_sokunpanhaseth',4,1);
INSERT INTO users VALUES(172,'Hang Erika','Hang.Erika@diu.edu.kh',NULL,'$2y$12$OzWbp0XwUHBKkF1fkN3DcuEdTjlKfzbPg6gpuLp1obX1wwjx1qdIG',NULL,'2026-03-21 04:48:00','2026-03-21 04:48:00',2,'student',NULL,'$2y$12$OzWbp0XwUHBKkF1fkN3DcuEdTjlKfzbPg6gpuLp1obX1wwjx1qdIG',NULL,NULL,NULL,1,NULL,NULL,'HANGERIKAATD','Hang','Erika','Hang Erika',NULL,NULL,'hang_erika',4,1);
INSERT INTO users VALUES(173,'Sovannchort Vattanac','Sovannchort.Vattanac@diu.edu.kh',NULL,'$2y$12$OzWbp0XwUHBKkF1fkN3DcuEdTjlKfzbPg6gpuLp1obX1wwjx1qdIG',NULL,'2026-03-21 04:48:00','2026-03-21 04:48:00',2,'student',NULL,'$2y$12$OzWbp0XwUHBKkF1fkN3DcuEdTjlKfzbPg6gpuLp1obX1wwjx1qdIG',NULL,NULL,NULL,1,NULL,NULL,'SOVANNCHORTV','Sovannchort','Vattanac','Sovannchort Vattanac',NULL,NULL,'sovannchort_vattanac',4,1);
INSERT INTO users VALUES(174,'You Steven','You.Steven@diu.edu.kh',NULL,'$2y$12$OzWbp0XwUHBKkF1fkN3DcuEdTjlKfzbPg6gpuLp1obX1wwjx1qdIG',NULL,'2026-03-21 04:48:00','2026-03-21 04:48:00',2,'student',NULL,'$2y$12$OzWbp0XwUHBKkF1fkN3DcuEdTjlKfzbPg6gpuLp1obX1wwjx1qdIG',NULL,NULL,NULL,1,NULL,NULL,'YOUSTEVENATD','You','Steven','You Steven',NULL,NULL,'you_steven',4,1);
INSERT INTO users VALUES(175,'Khoem Bunchheang','Khoem.Bunchheang@diu.edu.kh',NULL,'$2y$12$OzWbp0XwUHBKkF1fkN3DcuEdTjlKfzbPg6gpuLp1obX1wwjx1qdIG',NULL,'2026-03-21 04:48:00','2026-03-21 04:48:00',2,'student',NULL,'$2y$12$OzWbp0XwUHBKkF1fkN3DcuEdTjlKfzbPg6gpuLp1obX1wwjx1qdIG',NULL,NULL,NULL,1,NULL,NULL,'KHOEMBUNCHHE','Khoem','Bunchheang','Khoem Bunchheang',NULL,NULL,'khoem_bunchheang',4,1);
INSERT INTO users VALUES(176,'Kry Theavy','Kry.Theavy@diu.edu.kh',NULL,'$2y$12$OzWbp0XwUHBKkF1fkN3DcuEdTjlKfzbPg6gpuLp1obX1wwjx1qdIG',NULL,'2026-03-21 04:48:00','2026-03-21 04:48:00',2,'student',NULL,'$2y$12$OzWbp0XwUHBKkF1fkN3DcuEdTjlKfzbPg6gpuLp1obX1wwjx1qdIG',NULL,NULL,NULL,1,NULL,NULL,'KRYTHEAVYATD','Kry','Theavy','Kry Theavy',NULL,NULL,'kry_theavy',4,1);
INSERT INTO users VALUES(177,'Khoeurn Soklin','Khoeurn.Soklin@diu.edu.kh',NULL,'$2y$12$OzWbp0XwUHBKkF1fkN3DcuEdTjlKfzbPg6gpuLp1obX1wwjx1qdIG',NULL,'2026-03-21 04:48:00','2026-03-21 04:48:00',2,'student',NULL,'$2y$12$OzWbp0XwUHBKkF1fkN3DcuEdTjlKfzbPg6gpuLp1obX1wwjx1qdIG',NULL,NULL,NULL,1,NULL,NULL,'KHOEURNSOKLI','Khoeurn','Soklin','Khoeurn Soklin',NULL,NULL,'khoeurn_soklin',4,1);
INSERT INTO users VALUES(178,'Chhuok Apichhit','Chhuok.Apichhit@diu.edu.kh',NULL,'$2y$12$OzWbp0XwUHBKkF1fkN3DcuEdTjlKfzbPg6gpuLp1obX1wwjx1qdIG',NULL,'2026-03-21 04:48:00','2026-03-21 04:48:00',2,'student',NULL,'$2y$12$OzWbp0XwUHBKkF1fkN3DcuEdTjlKfzbPg6gpuLp1obX1wwjx1qdIG',NULL,NULL,NULL,1,NULL,NULL,'CHHUOKAPICHH','Chhuok','Apichhit','Chhuok Apichhit',NULL,NULL,'chhuok_apichhit',4,1);
INSERT INTO users VALUES(179,'Deth Sovanpanhavatey','Deth.Sovanpanhavatey@diu.edu.kh',NULL,'$2y$12$OzWbp0XwUHBKkF1fkN3DcuEdTjlKfzbPg6gpuLp1obX1wwjx1qdIG',NULL,'2026-03-21 04:48:00','2026-03-21 04:48:00',2,'student',NULL,'$2y$12$OzWbp0XwUHBKkF1fkN3DcuEdTjlKfzbPg6gpuLp1obX1wwjx1qdIG',NULL,NULL,NULL,1,NULL,NULL,'DETHSOVANPAN','Deth','Sovanpanhavatey','Deth Sovanpanhavatey',NULL,NULL,'deth_sovanpanhavatey',4,1);
INSERT INTO users VALUES(180,'Bean Kimhyk','Bean.Kimhyk@diu.edu.kh',NULL,'$2y$12$OzWbp0XwUHBKkF1fkN3DcuEdTjlKfzbPg6gpuLp1obX1wwjx1qdIG',NULL,'2026-03-21 04:48:00','2026-03-21 04:48:00',2,'student',NULL,'$2y$12$OzWbp0XwUHBKkF1fkN3DcuEdTjlKfzbPg6gpuLp1obX1wwjx1qdIG',NULL,NULL,NULL,1,NULL,NULL,'BEANKIMHYKAT','Bean','Kimhyk','Bean Kimhyk',NULL,NULL,'bean_kimhyk',4,1);
INSERT INTO users VALUES(181,'Mom Phanith','Mom.Phanith@diu.edu.kh',NULL,'$2y$12$OzWbp0XwUHBKkF1fkN3DcuEdTjlKfzbPg6gpuLp1obX1wwjx1qdIG',NULL,'2026-03-21 04:48:00','2026-03-21 04:48:00',2,'student',NULL,'$2y$12$OzWbp0XwUHBKkF1fkN3DcuEdTjlKfzbPg6gpuLp1obX1wwjx1qdIG',NULL,NULL,NULL,1,NULL,NULL,'MOMPHANITHAT','Mom','Phanith','Mom Phanith',NULL,NULL,'mom_phanith',4,1);
INSERT INTO users VALUES(182,'Ly Heanglay','Ly.Heanglay@diu.edu.kh',NULL,'$2y$12$OzWbp0XwUHBKkF1fkN3DcuEdTjlKfzbPg6gpuLp1obX1wwjx1qdIG',NULL,'2026-03-21 04:48:00','2026-03-21 04:48:00',2,'student',NULL,'$2y$12$OzWbp0XwUHBKkF1fkN3DcuEdTjlKfzbPg6gpuLp1obX1wwjx1qdIG',NULL,NULL,NULL,1,NULL,NULL,'LYHEANGLAYAT','Ly','Heanglay','Ly Heanglay',NULL,NULL,'ly_heanglay',4,1);
INSERT INTO users VALUES(183,'Se Yeansong','Se.Yeansong@diu.edu.kh',NULL,'$2y$12$OzWbp0XwUHBKkF1fkN3DcuEdTjlKfzbPg6gpuLp1obX1wwjx1qdIG',NULL,'2026-03-21 04:48:00','2026-03-21 04:48:00',2,'student',NULL,'$2y$12$OzWbp0XwUHBKkF1fkN3DcuEdTjlKfzbPg6gpuLp1obX1wwjx1qdIG',NULL,NULL,NULL,1,NULL,NULL,'SEYEANSONGAT','Se','Yeansong','Se Yeansong',NULL,NULL,'se_yeansong',4,1);
INSERT INTO users VALUES(184,'Sen Sive mey','Sen.Sivemey@diu.edu.kh',NULL,'$2y$12$OzWbp0XwUHBKkF1fkN3DcuEdTjlKfzbPg6gpuLp1obX1wwjx1qdIG',NULL,'2026-03-21 04:48:00','2026-03-21 04:48:00',2,'student',NULL,'$2y$12$OzWbp0XwUHBKkF1fkN3DcuEdTjlKfzbPg6gpuLp1obX1wwjx1qdIG',NULL,NULL,NULL,1,NULL,NULL,'SENSIVEMEYAT','Sen','Sive mey','Sen Sive mey',NULL,NULL,'sen_sivemey',4,1);
INSERT INTO users VALUES(185,'Hak Naphat','Hak.Naphat@diu.edu.kh',NULL,'$2y$12$OzWbp0XwUHBKkF1fkN3DcuEdTjlKfzbPg6gpuLp1obX1wwjx1qdIG',NULL,'2026-03-21 04:48:00','2026-03-21 04:48:00',2,'student',NULL,'$2y$12$OzWbp0XwUHBKkF1fkN3DcuEdTjlKfzbPg6gpuLp1obX1wwjx1qdIG',NULL,NULL,NULL,1,NULL,NULL,'HAKNAPHATATD','Hak','Naphat','Hak Naphat',NULL,NULL,'hak_naphat',4,1);
INSERT INTO users VALUES(186,'Odom Chansiveling','Odom.Chansiveling@diu.edu.kh',NULL,'$2y$12$OzWbp0XwUHBKkF1fkN3DcuEdTjlKfzbPg6gpuLp1obX1wwjx1qdIG',NULL,'2026-03-21 04:48:00','2026-03-21 04:48:00',2,'student',NULL,'$2y$12$OzWbp0XwUHBKkF1fkN3DcuEdTjlKfzbPg6gpuLp1obX1wwjx1qdIG',NULL,NULL,NULL,1,NULL,NULL,'ODOMCHANSIVE','Odom','Chansiveling','Odom Chansiveling',NULL,NULL,'odom_chansiveling',4,1);
INSERT INTO users VALUES(187,'Bun Cheong','Bun.Cheong@diu.edu.kh',NULL,'$2y$12$OzWbp0XwUHBKkF1fkN3DcuEdTjlKfzbPg6gpuLp1obX1wwjx1qdIG',NULL,'2026-03-21 04:48:00','2026-03-21 04:48:00',2,'student',NULL,'$2y$12$OzWbp0XwUHBKkF1fkN3DcuEdTjlKfzbPg6gpuLp1obX1wwjx1qdIG',NULL,NULL,NULL,1,NULL,NULL,'BUNCHEONGATD','Bun','Cheong','Bun Cheong',NULL,NULL,'bun_cheong',4,1);
INSERT INTO users VALUES(188,'Soun Sokleapheng','Soun.Sokleapheng@diu.edu.kh',NULL,'$2y$12$OzWbp0XwUHBKkF1fkN3DcuEdTjlKfzbPg6gpuLp1obX1wwjx1qdIG',NULL,'2026-03-21 04:48:00','2026-03-21 04:48:00',2,'student',NULL,'$2y$12$OzWbp0XwUHBKkF1fkN3DcuEdTjlKfzbPg6gpuLp1obX1wwjx1qdIG',NULL,NULL,NULL,1,NULL,NULL,'SOUNSOKLEAPH','Soun','Sokleapheng','Soun Sokleapheng',NULL,NULL,'soun_sokleapheng',4,1);
INSERT INTO users VALUES(189,'Ngoun Monyrothseka','Ngoun.Monyrothseka@diu.edu.kh',NULL,'$2y$12$OzWbp0XwUHBKkF1fkN3DcuEdTjlKfzbPg6gpuLp1obX1wwjx1qdIG',NULL,'2026-03-21 04:48:00','2026-03-21 04:48:00',2,'student',NULL,'$2y$12$OzWbp0XwUHBKkF1fkN3DcuEdTjlKfzbPg6gpuLp1obX1wwjx1qdIG',NULL,NULL,NULL,1,NULL,NULL,'NGOUNMONYROT','Ngoun','Monyrothseka','Ngoun Monyrothseka',NULL,NULL,'ngoun_monyrothseka',4,1);
INSERT INTO users VALUES(190,'Channa Yary','Channa.Yary@diu.edu.kh',NULL,'$2y$12$OzWbp0XwUHBKkF1fkN3DcuEdTjlKfzbPg6gpuLp1obX1wwjx1qdIG',NULL,'2026-03-21 04:48:00','2026-03-21 04:48:00',2,'student',NULL,'$2y$12$OzWbp0XwUHBKkF1fkN3DcuEdTjlKfzbPg6gpuLp1obX1wwjx1qdIG',NULL,NULL,NULL,1,NULL,NULL,'CHANNAYARYAT','Channa','Yary','Channa Yary',NULL,NULL,'channa_yary',4,1);
INSERT INTO users VALUES(191,'Chao Savong','Chao.Savong@diu.edu.kh',NULL,'$2y$12$OzWbp0XwUHBKkF1fkN3DcuEdTjlKfzbPg6gpuLp1obX1wwjx1qdIG',NULL,'2026-03-21 04:48:00','2026-03-21 04:48:00',2,'student',NULL,'$2y$12$OzWbp0XwUHBKkF1fkN3DcuEdTjlKfzbPg6gpuLp1obX1wwjx1qdIG',NULL,NULL,NULL,1,NULL,NULL,'CHAOSAVONGAT','Chao','Savong','Chao Savong',NULL,NULL,'chao_savong',4,1);
INSERT INTO users VALUES(192,'Nok Sokhim','Nok.Sokhim@diu.edu.kh',NULL,'$2y$12$OzWbp0XwUHBKkF1fkN3DcuEdTjlKfzbPg6gpuLp1obX1wwjx1qdIG',NULL,'2026-03-21 04:48:00','2026-03-21 04:48:00',2,'student',NULL,'$2y$12$OzWbp0XwUHBKkF1fkN3DcuEdTjlKfzbPg6gpuLp1obX1wwjx1qdIG',NULL,NULL,NULL,1,NULL,NULL,'NOKSOKHIMATD','Nok','Sokhim','Nok Sokhim',NULL,NULL,'nok_sokhim',4,1);
INSERT INTO users VALUES(193,'Thol Sivmenh','Thol.Sivmenh@diu.edu.kh',NULL,'$2y$12$OzWbp0XwUHBKkF1fkN3DcuEdTjlKfzbPg6gpuLp1obX1wwjx1qdIG',NULL,'2026-03-21 04:48:00','2026-03-21 04:48:00',2,'student',NULL,'$2y$12$OzWbp0XwUHBKkF1fkN3DcuEdTjlKfzbPg6gpuLp1obX1wwjx1qdIG',NULL,NULL,NULL,1,NULL,NULL,'THOLSIVMENHA','Thol','Sivmenh','Thol Sivmenh',NULL,NULL,'thol_sivmenh',4,1);
INSERT INTO users VALUES(194,'Tim Rachance','Tim.Rachance@diu.edu.kh',NULL,'$2y$12$OzWbp0XwUHBKkF1fkN3DcuEdTjlKfzbPg6gpuLp1obX1wwjx1qdIG',NULL,'2026-03-21 04:48:00','2026-03-21 04:48:00',2,'student',NULL,'$2y$12$OzWbp0XwUHBKkF1fkN3DcuEdTjlKfzbPg6gpuLp1obX1wwjx1qdIG',NULL,NULL,NULL,1,NULL,NULL,'TIMRACHANCEA','Tim','Rachance','Tim Rachance',NULL,NULL,'tim_rachance',4,1);
INSERT INTO users VALUES(195,'Nim Sivmey','Nim.Sivmey@diu.edu.kh',NULL,'$2y$12$OzWbp0XwUHBKkF1fkN3DcuEdTjlKfzbPg6gpuLp1obX1wwjx1qdIG',NULL,'2026-03-21 04:48:00','2026-03-21 04:48:00',2,'student',NULL,'$2y$12$OzWbp0XwUHBKkF1fkN3DcuEdTjlKfzbPg6gpuLp1obX1wwjx1qdIG',NULL,NULL,NULL,1,NULL,NULL,'NIMSIVMEYATD','Nim','Sivmey','Nim Sivmey',NULL,NULL,'nim_sivmey',4,1);
INSERT INTO users VALUES(196,'Pov Nana','Pov.Nana@diu.edu.kh',NULL,'$2y$12$OzWbp0XwUHBKkF1fkN3DcuEdTjlKfzbPg6gpuLp1obX1wwjx1qdIG',NULL,'2026-03-21 04:48:00','2026-03-21 04:48:00',2,'student',NULL,'$2y$12$OzWbp0XwUHBKkF1fkN3DcuEdTjlKfzbPg6gpuLp1obX1wwjx1qdIG',NULL,NULL,NULL,1,NULL,NULL,'POVNANAATDIU','Pov','Nana','Pov Nana',NULL,NULL,'pov_nana',4,1);
INSERT INTO users VALUES(197,'Phuy Menglong','Phuy.Menglong@diu.edu.kh',NULL,'$2y$12$OzWbp0XwUHBKkF1fkN3DcuEdTjlKfzbPg6gpuLp1obX1wwjx1qdIG',NULL,'2026-03-21 04:48:00','2026-03-21 04:48:00',2,'student',NULL,'$2y$12$OzWbp0XwUHBKkF1fkN3DcuEdTjlKfzbPg6gpuLp1obX1wwjx1qdIG',NULL,NULL,NULL,1,NULL,NULL,'PHUYMENGLONG','Phuy','Menglong','Phuy Menglong',NULL,NULL,'phuy_menglong',4,1);
INSERT INTO users VALUES(198,'Roeurt Vireak','Roeurt.Vireak@diu.edu.kh',NULL,'$2y$12$OzWbp0XwUHBKkF1fkN3DcuEdTjlKfzbPg6gpuLp1obX1wwjx1qdIG',NULL,'2026-03-21 04:48:00','2026-03-21 04:48:00',2,'student',NULL,'$2y$12$OzWbp0XwUHBKkF1fkN3DcuEdTjlKfzbPg6gpuLp1obX1wwjx1qdIG',NULL,NULL,NULL,1,NULL,NULL,'ROEURTVIREAK','Roeurt','Vireak','Roeurt Vireak',NULL,NULL,'roeurt_vireak',4,1);
INSERT INTO users VALUES(199,'Song Ehong','Song.Ehong@diu.edu.kh',NULL,'$2y$12$OzWbp0XwUHBKkF1fkN3DcuEdTjlKfzbPg6gpuLp1obX1wwjx1qdIG',NULL,'2026-03-21 04:48:00','2026-03-21 04:48:00',2,'student',NULL,'$2y$12$OzWbp0XwUHBKkF1fkN3DcuEdTjlKfzbPg6gpuLp1obX1wwjx1qdIG',NULL,NULL,NULL,1,NULL,NULL,'SONGEHONGATD','Song','Ehong','Song Ehong',NULL,NULL,'song_ehong',4,1);
INSERT INTO users VALUES(200,'Rom Molika','Rom.Molika@diu.edu.kh',NULL,'$2y$12$OzWbp0XwUHBKkF1fkN3DcuEdTjlKfzbPg6gpuLp1obX1wwjx1qdIG',NULL,'2026-03-21 04:48:00','2026-03-21 04:48:00',2,'student',NULL,'$2y$12$OzWbp0XwUHBKkF1fkN3DcuEdTjlKfzbPg6gpuLp1obX1wwjx1qdIG',NULL,NULL,NULL,1,NULL,NULL,'ROMMOLIKAATD','Rom','Molika','Rom Molika',NULL,NULL,'rom_molika',4,1);
INSERT INTO users VALUES(201,'Roth Vanheang','Roth.Vanheang@diu.edu.kh',NULL,'$2y$12$OzWbp0XwUHBKkF1fkN3DcuEdTjlKfzbPg6gpuLp1obX1wwjx1qdIG',NULL,'2026-03-21 04:48:00','2026-03-21 04:48:00',2,'student',NULL,'$2y$12$OzWbp0XwUHBKkF1fkN3DcuEdTjlKfzbPg6gpuLp1obX1wwjx1qdIG',NULL,NULL,NULL,1,NULL,NULL,'ROTHVANHEANG','Roth','Vanheang','Roth Vanheang',NULL,NULL,'roth_vanheang',4,1);
INSERT INTO users VALUES(202,'Vannak Hakyin','Vannak.Hakyin@diu.edu.kh',NULL,'$2y$12$OzWbp0XwUHBKkF1fkN3DcuEdTjlKfzbPg6gpuLp1obX1wwjx1qdIG',NULL,'2026-03-21 04:48:00','2026-03-21 04:48:00',2,'student',NULL,'$2y$12$OzWbp0XwUHBKkF1fkN3DcuEdTjlKfzbPg6gpuLp1obX1wwjx1qdIG',NULL,NULL,NULL,1,NULL,NULL,'VANNAKHAKYIN','Vannak','Hakyin','Vannak Hakyin',NULL,NULL,'vannak_hakyin',4,1);
INSERT INTO users VALUES(203,'Vet Phanna','Vet.Phanna@diu.edu.kh',NULL,'$2y$12$OzWbp0XwUHBKkF1fkN3DcuEdTjlKfzbPg6gpuLp1obX1wwjx1qdIG',NULL,'2026-03-21 04:48:00','2026-03-21 04:48:00',2,'student',NULL,'$2y$12$OzWbp0XwUHBKkF1fkN3DcuEdTjlKfzbPg6gpuLp1obX1wwjx1qdIG',NULL,NULL,NULL,1,NULL,NULL,'VETPHANNAATD','Vet','Phanna','Vet Phanna',NULL,NULL,'vet_phanna',4,1);
INSERT INTO users VALUES(204,'Sen Panha','Sen.Panha@diu.edu.kh',NULL,'$2y$12$OzWbp0XwUHBKkF1fkN3DcuEdTjlKfzbPg6gpuLp1obX1wwjx1qdIG',NULL,'2026-03-21 04:48:00','2026-03-21 04:48:00',2,'student',NULL,'$2y$12$OzWbp0XwUHBKkF1fkN3DcuEdTjlKfzbPg6gpuLp1obX1wwjx1qdIG',NULL,NULL,NULL,1,NULL,NULL,'SENPANHAATDI','Sen','Panha','Sen Panha',NULL,NULL,'sen_panha',4,1);
INSERT INTO users VALUES(205,'Hou Sokun Sakada','Hor.SokunSakada@diu.edu.kh',NULL,'$2y$12$OzWbp0XwUHBKkF1fkN3DcuEdTjlKfzbPg6gpuLp1obX1wwjx1qdIG',NULL,'2026-03-21 04:48:00','2026-03-21 04:48:00',2,'student',NULL,'$2y$12$OzWbp0XwUHBKkF1fkN3DcuEdTjlKfzbPg6gpuLp1obX1wwjx1qdIG',NULL,NULL,NULL,1,NULL,NULL,'HORSOKUNSAKA','Hou','Sokun Sakada','Hou Sokun Sakada',NULL,NULL,'hor_sokunsakada',4,1);
INSERT INTO users VALUES(206,'Hoeurn Chinglong','Hoeurn.Chinglong@diu.edu.kh',NULL,'$2y$12$OzWbp0XwUHBKkF1fkN3DcuEdTjlKfzbPg6gpuLp1obX1wwjx1qdIG',NULL,'2026-03-21 04:48:00','2026-03-21 04:48:00',2,'student',NULL,'$2y$12$OzWbp0XwUHBKkF1fkN3DcuEdTjlKfzbPg6gpuLp1obX1wwjx1qdIG',NULL,NULL,NULL,1,NULL,NULL,'HOEURNCHINGL','Hoeurn','Chinglong','Hoeurn Chinglong',NULL,NULL,'hoeurn_chinglong',4,1);
INSERT INTO users VALUES(207,'La Lunchaiyuth','La.Bunchaiyuth@diu.edu.kh',NULL,'$2y$12$OzWbp0XwUHBKkF1fkN3DcuEdTjlKfzbPg6gpuLp1obX1wwjx1qdIG',NULL,'2026-03-21 04:48:00','2026-03-21 04:48:00',2,'student',NULL,'$2y$12$OzWbp0XwUHBKkF1fkN3DcuEdTjlKfzbPg6gpuLp1obX1wwjx1qdIG',NULL,NULL,NULL,1,NULL,NULL,'LABUNCHAIYUT','La','Lunchaiyuth','La Lunchaiyuth',NULL,NULL,'la_bunchaiyuth',4,1);
INSERT INTO users VALUES(208,'Ouch Sethhana','Ouch.Sethhana@diu.edu.kh',NULL,'$2y$12$OzWbp0XwUHBKkF1fkN3DcuEdTjlKfzbPg6gpuLp1obX1wwjx1qdIG',NULL,'2026-03-21 04:48:00','2026-03-21 04:48:00',2,'student',NULL,'$2y$12$OzWbp0XwUHBKkF1fkN3DcuEdTjlKfzbPg6gpuLp1obX1wwjx1qdIG',NULL,NULL,NULL,1,NULL,NULL,'OUCHSETHHANA','Ouch','Sethhana','Ouch Sethhana',NULL,NULL,'ouch_sethhana',4,1);
INSERT INTO users VALUES(209,'Chum Krisna','Chum.Krisna@diu.edu.kh',NULL,'$2y$12$OzWbp0XwUHBKkF1fkN3DcuEdTjlKfzbPg6gpuLp1obX1wwjx1qdIG',NULL,'2026-03-21 04:48:00','2026-03-21 04:48:00',2,'student',NULL,'$2y$12$OzWbp0XwUHBKkF1fkN3DcuEdTjlKfzbPg6gpuLp1obX1wwjx1qdIG',NULL,NULL,NULL,1,NULL,NULL,'CHUMKRISNAAT','Chum','Krisna','Chum Krisna',NULL,NULL,'chum_krisna',4,1);
INSERT INTO users VALUES(210,'Than Ouksan','Than.Ouksan@diu.edu.kh',NULL,'$2y$12$OzWbp0XwUHBKkF1fkN3DcuEdTjlKfzbPg6gpuLp1obX1wwjx1qdIG',NULL,'2026-03-21 04:48:00','2026-03-21 04:48:00',2,'student',NULL,'$2y$12$OzWbp0XwUHBKkF1fkN3DcuEdTjlKfzbPg6gpuLp1obX1wwjx1qdIG',NULL,NULL,NULL,1,NULL,NULL,'THANOUKSANAT','Than','Ouksan','Than Ouksan',NULL,NULL,'than_ouksan',4,1);
INSERT INTO users VALUES(211,'Than Ouksa','Than.Ouksa@diu.edu.kh',NULL,'$2y$12$OzWbp0XwUHBKkF1fkN3DcuEdTjlKfzbPg6gpuLp1obX1wwjx1qdIG',NULL,'2026-03-21 04:48:00','2026-03-21 04:48:00',2,'student',NULL,'$2y$12$OzWbp0XwUHBKkF1fkN3DcuEdTjlKfzbPg6gpuLp1obX1wwjx1qdIG',NULL,NULL,NULL,1,NULL,NULL,'THANOUKSAATD','Than','Ouksa','Than Ouksa',NULL,NULL,'than_ouksa',4,1);
INSERT INTO users VALUES(212,'Thy Chhayasith','Thy.Chhayasith@diu.edu.kh',NULL,'$2y$12$OzWbp0XwUHBKkF1fkN3DcuEdTjlKfzbPg6gpuLp1obX1wwjx1qdIG',NULL,'2026-03-21 04:48:00','2026-03-21 04:48:00',2,'student',NULL,'$2y$12$OzWbp0XwUHBKkF1fkN3DcuEdTjlKfzbPg6gpuLp1obX1wwjx1qdIG',NULL,NULL,NULL,1,NULL,NULL,'THYCHHAYASIT','Thy','Chhayasith','Thy Chhayasith',NULL,NULL,'thy_chhayasith',4,1);
INSERT INTO users VALUES(213,'Thol Fongly','Thol.Fongly@diu.edu.kh',NULL,'$2y$12$OzWbp0XwUHBKkF1fkN3DcuEdTjlKfzbPg6gpuLp1obX1wwjx1qdIG',NULL,'2026-03-21 04:48:00','2026-03-21 04:48:00',2,'student',NULL,'$2y$12$OzWbp0XwUHBKkF1fkN3DcuEdTjlKfzbPg6gpuLp1obX1wwjx1qdIG',NULL,NULL,NULL,1,NULL,NULL,'THOLFONGLYAT','Thol','Fongly','Thol Fongly',NULL,NULL,'thol_fongly',4,1);
INSERT INTO users VALUES(214,'Prak Pich Nisa','Prak.PichNisa@diu.edu.kh',NULL,'$2y$12$OzWbp0XwUHBKkF1fkN3DcuEdTjlKfzbPg6gpuLp1obX1wwjx1qdIG',NULL,'2026-03-21 04:48:00','2026-03-21 04:48:00',2,'student',NULL,'$2y$12$OzWbp0XwUHBKkF1fkN3DcuEdTjlKfzbPg6gpuLp1obX1wwjx1qdIG',NULL,NULL,NULL,1,NULL,NULL,'PRAKPICHNISA','Prak','Pich Nisa','Prak Pich Nisa',NULL,NULL,'prak_pichnisa',4,1);
INSERT INTO users VALUES(215,'Bros Peter','Bros.Peter@diu.edu.kh',NULL,'$2y$12$OzWbp0XwUHBKkF1fkN3DcuEdTjlKfzbPg6gpuLp1obX1wwjx1qdIG',NULL,'2026-03-21 04:48:00','2026-03-21 04:48:00',2,'student',NULL,'$2y$12$OzWbp0XwUHBKkF1fkN3DcuEdTjlKfzbPg6gpuLp1obX1wwjx1qdIG',NULL,NULL,NULL,1,NULL,NULL,'BROSPETERATD','Bros','Peter','Bros Peter',NULL,NULL,'bros_peter',4,1);
INSERT INTO users VALUES(216,'Yam Yong Sing','Yam.YongSing@diu.edu.kh',NULL,'$2y$12$OzWbp0XwUHBKkF1fkN3DcuEdTjlKfzbPg6gpuLp1obX1wwjx1qdIG',NULL,'2026-03-21 04:48:00','2026-03-21 04:48:00',2,'student',NULL,'$2y$12$OzWbp0XwUHBKkF1fkN3DcuEdTjlKfzbPg6gpuLp1obX1wwjx1qdIG',NULL,NULL,NULL,1,NULL,NULL,'YAMYONGSINGA','Yam','Yong Sing','Yam Yong Sing',NULL,NULL,'yam_yongsing',4,1);
INSERT INTO users VALUES(217,'Ren Sreyrath','Ren.Sreyrath@diu.edu.kh',NULL,'$2y$12$OzWbp0XwUHBKkF1fkN3DcuEdTjlKfzbPg6gpuLp1obX1wwjx1qdIG',NULL,'2026-03-21 04:48:00','2026-03-21 04:48:00',2,'student',NULL,'$2y$12$OzWbp0XwUHBKkF1fkN3DcuEdTjlKfzbPg6gpuLp1obX1wwjx1qdIG',NULL,NULL,NULL,1,NULL,NULL,'RENSREYRATHA','Ren','Sreyrath','Ren Sreyrath',NULL,NULL,'ren_sreyrath',4,1);
INSERT INTO users VALUES(218,'Ry Sarak','Ry.Sarak@diu.edu.kh',NULL,'$2y$12$OzWbp0XwUHBKkF1fkN3DcuEdTjlKfzbPg6gpuLp1obX1wwjx1qdIG',NULL,'2026-03-21 04:48:00','2026-03-21 04:48:00',2,'student',NULL,'$2y$12$OzWbp0XwUHBKkF1fkN3DcuEdTjlKfzbPg6gpuLp1obX1wwjx1qdIG',NULL,NULL,NULL,1,NULL,NULL,'RYSARAKATDIU','Ry','Sarak','Ry Sarak',NULL,NULL,'ry_sarak',4,1);
INSERT INTO users VALUES(219,'Setha Thyravatey','Setha.Thyravatey@diu.edu.kh',NULL,'$2y$12$OzWbp0XwUHBKkF1fkN3DcuEdTjlKfzbPg6gpuLp1obX1wwjx1qdIG',NULL,'2026-03-21 04:48:00','2026-03-21 04:48:00',2,'student',NULL,'$2y$12$OzWbp0XwUHBKkF1fkN3DcuEdTjlKfzbPg6gpuLp1obX1wwjx1qdIG',NULL,NULL,NULL,1,NULL,NULL,'SETHATHYRAVA','Setha','Thyravatey','Setha Thyravatey',NULL,NULL,'setha_thyravatey',4,1);
INSERT INTO users VALUES(220,'Hong Kim Chou','Hong.KimChou@diu.edu.kh',NULL,'$2y$12$OzWbp0XwUHBKkF1fkN3DcuEdTjlKfzbPg6gpuLp1obX1wwjx1qdIG',NULL,'2026-03-21 04:48:00','2026-03-21 04:48:00',2,'student',NULL,'$2y$12$OzWbp0XwUHBKkF1fkN3DcuEdTjlKfzbPg6gpuLp1obX1wwjx1qdIG',NULL,NULL,NULL,1,NULL,NULL,'HONGKIMCHOUA','Hong','Kim Chou','Hong Kim Chou',NULL,NULL,'hong_kimchou',4,1);
INSERT INTO users VALUES(221,'Chum Bunleap','Chum.Bunleap@diu.edu.kh',NULL,'$2y$12$OzWbp0XwUHBKkF1fkN3DcuEdTjlKfzbPg6gpuLp1obX1wwjx1qdIG',NULL,'2026-03-21 04:48:00','2026-03-21 04:48:00',2,'student',NULL,'$2y$12$OzWbp0XwUHBKkF1fkN3DcuEdTjlKfzbPg6gpuLp1obX1wwjx1qdIG',NULL,NULL,NULL,1,NULL,NULL,'CHUMBUNLEAPA','Chum','Bunleap','Chum Bunleap',NULL,NULL,'chum_bunleap',4,1);
INSERT INTO users VALUES(222,'Chhuok Pisey','Chhuok.Pisey@diu.edu.kh',NULL,'$2y$12$OzWbp0XwUHBKkF1fkN3DcuEdTjlKfzbPg6gpuLp1obX1wwjx1qdIG',NULL,'2026-03-21 04:48:00','2026-03-21 04:48:00',2,'student',NULL,'$2y$12$OzWbp0XwUHBKkF1fkN3DcuEdTjlKfzbPg6gpuLp1obX1wwjx1qdIG',NULL,NULL,NULL,1,NULL,NULL,'CHHUOKPISEYA','Chhuok','Pisey','Chhuok Pisey',NULL,NULL,'chhuok_pisey',4,1);
INSERT INTO users VALUES(223,'Tho Chhonhong','Tho.Chhonhong@diu.edu.kh',NULL,'$2y$12$OzWbp0XwUHBKkF1fkN3DcuEdTjlKfzbPg6gpuLp1obX1wwjx1qdIG',NULL,'2026-03-21 04:48:00','2026-03-21 04:48:00',2,'student',NULL,'$2y$12$OzWbp0XwUHBKkF1fkN3DcuEdTjlKfzbPg6gpuLp1obX1wwjx1qdIG',NULL,NULL,NULL,1,NULL,NULL,'THOCHHONHONG','Tho','Chhonhong','Tho Chhonhong',NULL,NULL,'tho_chhonhong',4,1);
INSERT INTO users VALUES(224,'Meng Vannra','Meng.Vannra@diu.edu.kh',NULL,'$2y$12$OzWbp0XwUHBKkF1fkN3DcuEdTjlKfzbPg6gpuLp1obX1wwjx1qdIG',NULL,'2026-03-21 04:48:00','2026-03-21 04:48:00',2,'student',NULL,'$2y$12$OzWbp0XwUHBKkF1fkN3DcuEdTjlKfzbPg6gpuLp1obX1wwjx1qdIG',NULL,NULL,NULL,1,NULL,NULL,'MENGVANNRAAT','Meng','Vannra','Meng Vannra',NULL,NULL,'meng_vannra',4,1);
INSERT INTO users VALUES(225,'Mom Rachana','Mom.Rachana@diu.edu.kh',NULL,'$2y$12$OzWbp0XwUHBKkF1fkN3DcuEdTjlKfzbPg6gpuLp1obX1wwjx1qdIG',NULL,'2026-03-21 04:48:00','2026-03-21 04:48:00',2,'student',NULL,'$2y$12$OzWbp0XwUHBKkF1fkN3DcuEdTjlKfzbPg6gpuLp1obX1wwjx1qdIG',NULL,NULL,NULL,1,NULL,NULL,'MOMRACHANAAT','Mom','Rachana','Mom Rachana',NULL,NULL,'mom_rachana',4,1);
INSERT INTO users VALUES(226,'Roth Sophavy','Roth.Sophavy@diu.edu.kh',NULL,'$2y$12$OzWbp0XwUHBKkF1fkN3DcuEdTjlKfzbPg6gpuLp1obX1wwjx1qdIG',NULL,'2026-03-21 04:48:00','2026-03-21 04:48:00',2,'student',NULL,'$2y$12$OzWbp0XwUHBKkF1fkN3DcuEdTjlKfzbPg6gpuLp1obX1wwjx1qdIG',NULL,NULL,NULL,1,NULL,NULL,'ROTHSOPHAVYA','Roth','Sophavy','Roth Sophavy',NULL,NULL,'roth_sophavy',4,1);
INSERT INTO users VALUES(227,'Hean Lyhun','Hean.Lyhun@diu.edu.kh',NULL,'$2y$12$OzWbp0XwUHBKkF1fkN3DcuEdTjlKfzbPg6gpuLp1obX1wwjx1qdIG',NULL,'2026-03-21 04:48:00','2026-03-21 04:48:00',2,'student',NULL,'$2y$12$OzWbp0XwUHBKkF1fkN3DcuEdTjlKfzbPg6gpuLp1obX1wwjx1qdIG',NULL,NULL,NULL,1,NULL,NULL,'HEANLYHUNATD','Hean','Lyhun','Hean Lyhun',NULL,NULL,'hean_lyhun',4,1);
INSERT INTO users VALUES(228,'Ho Kimhok','Ho.Kimhok@diu.edu.kh',NULL,'$2y$12$OzWbp0XwUHBKkF1fkN3DcuEdTjlKfzbPg6gpuLp1obX1wwjx1qdIG',NULL,'2026-03-21 04:48:00','2026-03-21 04:48:00',2,'student',NULL,'$2y$12$OzWbp0XwUHBKkF1fkN3DcuEdTjlKfzbPg6gpuLp1obX1wwjx1qdIG',NULL,NULL,NULL,1,NULL,NULL,'HOKIMHOKATDI','Ho','Kimhok','Ho Kimhok',NULL,NULL,'ho_kimhok',4,1);
INSERT INTO users VALUES(229,'Han Nary','Han.Nary@diu.edu.kh',NULL,'$2y$12$OzWbp0XwUHBKkF1fkN3DcuEdTjlKfzbPg6gpuLp1obX1wwjx1qdIG',NULL,'2026-03-21 04:48:00','2026-03-21 04:48:00',2,'student',NULL,'$2y$12$OzWbp0XwUHBKkF1fkN3DcuEdTjlKfzbPg6gpuLp1obX1wwjx1qdIG',NULL,NULL,NULL,1,NULL,NULL,'HANNARYATDIU','Han','Nary','Han Nary',NULL,NULL,'han_nary',4,1);
INSERT INTO users VALUES(230,'Hoeurn Sokhai','Hoeurn.Sokhai@diu.edu.kh',NULL,'$2y$12$OzWbp0XwUHBKkF1fkN3DcuEdTjlKfzbPg6gpuLp1obX1wwjx1qdIG',NULL,'2026-03-21 04:48:00','2026-03-21 04:48:00',2,'student',NULL,'$2y$12$OzWbp0XwUHBKkF1fkN3DcuEdTjlKfzbPg6gpuLp1obX1wwjx1qdIG',NULL,NULL,NULL,1,NULL,NULL,'HOEURNSOKHAI','Hoeurn','Sokhai','Hoeurn Sokhai',NULL,NULL,'hoeurn_sokhai',4,1);
INSERT INTO users VALUES(231,'Heng Dynyrachel','Heng.Dynyrachel@diu.edu.kh',NULL,'$2y$12$OzWbp0XwUHBKkF1fkN3DcuEdTjlKfzbPg6gpuLp1obX1wwjx1qdIG',NULL,'2026-03-21 04:48:00','2026-03-21 04:48:00',2,'student',NULL,'$2y$12$OzWbp0XwUHBKkF1fkN3DcuEdTjlKfzbPg6gpuLp1obX1wwjx1qdIG',NULL,NULL,NULL,1,NULL,NULL,'HENGDYNYRACH','Heng','Dynyrachel','Heng Dynyrachel',NULL,NULL,'heng_dynyrachel',4,1);
INSERT INTO users VALUES(232,'Oun Maly','Oun.Maly@diu.edu.kh',NULL,'$2y$12$OzWbp0XwUHBKkF1fkN3DcuEdTjlKfzbPg6gpuLp1obX1wwjx1qdIG',NULL,'2026-03-21 04:48:00','2026-03-21 04:48:00',2,'student',NULL,'$2y$12$OzWbp0XwUHBKkF1fkN3DcuEdTjlKfzbPg6gpuLp1obX1wwjx1qdIG',NULL,NULL,NULL,1,NULL,NULL,'OUNMALYATDIU','Oun','Maly','Oun Maly',NULL,NULL,'oun_maly',4,1);
CREATE TABLE IF NOT EXISTS "academic_years" ("academic_year_id" integer primary key autoincrement not null, "year_name" varchar not null, "start_date" date not null, "end_date" date not null, "is_current" tinyint(1) not null default '0', "created_at" datetime, "updated_at" datetime);
INSERT INTO academic_years VALUES(1,'2026/2027','2026-09-01','2027-08-31',1,'2026-03-20 15:21:29','2026-03-20 15:21:29');
CREATE TABLE IF NOT EXISTS "terms" ("term_id" integer primary key autoincrement not null, "academic_year_id" integer not null, "term_name" varchar not null, "start_date" date not null, "end_date" date not null, "created_at" datetime, "updated_at" datetime, foreign key("academic_year_id") references "academic_years"("academic_year_id") on delete cascade);
CREATE TABLE IF NOT EXISTS "guardians" ("guardian_id" integer primary key autoincrement not null, "user_id" integer, "first_name" varchar not null, "last_name" varchar not null, "relationship_to_student" varchar not null, "phone" varchar, "email" varchar, "address" text, "created_at" datetime, "updated_at" datetime, foreign key("user_id") references "users"("id") on delete set null);
CREATE TABLE IF NOT EXISTS "student_guardians" ("student_id" integer not null, "guardian_id" integer not null, "is_primary" tinyint(1) not null default '0', "created_at" datetime, "updated_at" datetime, foreign key("student_id") references "students"("id") on delete cascade, foreign key("guardian_id") references "guardians"("guardian_id") on delete cascade, primary key ("student_id", "guardian_id"));
CREATE TABLE IF NOT EXISTS "teachers" ("teacher_id" integer primary key autoincrement not null, "user_id" integer, "employee_no" varchar not null, "first_name" varchar not null, "last_name" varchar not null, "phone" varchar, "email" varchar, "specialization" varchar, "hire_date" date not null, "status" varchar check ("status" in ('Active', 'On Leave', 'Inactive')) not null default 'Active', "created_at" datetime, "updated_at" datetime, foreign key("user_id") references "users"("id") on delete set null);
CREATE TABLE IF NOT EXISTS "sections" ("section_id" integer primary key autoincrement not null, "class_id" integer not null, "academic_year_id" integer not null, "section_name" varchar not null, "class_teacher_id" integer, "room_no" varchar, "created_at" datetime, "updated_at" datetime, foreign key("class_id") references "classes"("id") on delete cascade, foreign key("academic_year_id") references "academic_years"("academic_year_id") on delete cascade, foreign key("class_teacher_id") references "teachers"("teacher_id") on delete set null);
CREATE TABLE IF NOT EXISTS "teacher_assignments" ("assignment_id" integer primary key autoincrement not null, "teacher_id" integer not null, "subject_id" integer not null, "section_id" integer not null, "created_at" datetime, "updated_at" datetime, foreign key("subject_id") references "subjects"("id") on delete cascade, foreign key("teacher_id") references "teachers"("teacher_id") on delete cascade, foreign key("section_id") references "sections"("section_id") on delete cascade);
CREATE TABLE IF NOT EXISTS "enrollments" ("enrollment_id" integer primary key autoincrement not null, "student_id" integer not null, "academic_year_id" integer not null, "class_id" integer not null, "section_id" integer not null, "roll_no" varchar, "enrollment_date" date not null, "status" varchar check ("status" in ('Enrolled', 'Promoted', 'Completed', 'Dropped')) not null default 'Enrolled', "created_at" datetime, "updated_at" datetime, foreign key("class_id") references "classes"("id") on delete cascade, foreign key("student_id") references "students"("id") on delete cascade, foreign key("academic_year_id") references "academic_years"("academic_year_id") on delete cascade, foreign key("section_id") references "sections"("section_id") on delete cascade);
CREATE TABLE IF NOT EXISTS "exams" ("exam_id" integer primary key autoincrement not null, "term_id" integer not null, "exam_name" varchar not null, "start_date" date, "end_date" date, "created_at" datetime, "updated_at" datetime, foreign key("term_id") references "terms"("term_id") on delete cascade);
CREATE TABLE IF NOT EXISTS "exam_subjects" ("exam_subject_id" integer primary key autoincrement not null, "exam_id" integer not null, "subject_id" integer not null, "max_marks" numeric not null default '100', "pass_marks" numeric not null default '40', "created_at" datetime, "updated_at" datetime, foreign key("subject_id") references "subjects"("id") on delete cascade, foreign key("exam_id") references "exams"("exam_id") on delete cascade);
CREATE TABLE IF NOT EXISTS "marks" ("mark_id" integer primary key autoincrement not null, "exam_subject_id" integer not null, "enrollment_id" integer not null, "obtained_marks" numeric not null, "grade_letter" varchar, "remarks" varchar, "created_at" datetime, "updated_at" datetime, foreign key("exam_subject_id") references "exam_subjects"("exam_subject_id") on delete cascade, foreign key("enrollment_id") references "enrollments"("enrollment_id") on delete cascade);
CREATE TABLE IF NOT EXISTS "fee_types" ("fee_type_id" integer primary key autoincrement not null, "fee_name" varchar not null, "description" varchar, "default_amount" numeric not null default '0', "created_at" datetime, "updated_at" datetime);
CREATE TABLE IF NOT EXISTS "student_fees" ("student_fee_id" integer primary key autoincrement not null, "enrollment_id" integer not null, "fee_type_id" integer not null, "amount_due" numeric not null, "due_date" date not null, "status" varchar check ("status" in ('Unpaid', 'Partially Paid', 'Paid', 'Waived')) not null default 'Unpaid', "created_at" datetime, "updated_at" datetime, foreign key("enrollment_id") references "enrollments"("enrollment_id") on delete cascade, foreign key("fee_type_id") references "fee_types"("fee_type_id") on delete cascade);
CREATE TABLE IF NOT EXISTS "payments" ("payment_id" integer primary key autoincrement not null, "student_fee_id" integer not null, "amount_paid" numeric not null, "payment_date" date not null, "payment_method" varchar check ("payment_method" in ('Cash', 'Bank', 'Card', 'Mobile Money')) not null, "reference_no" varchar, "received_by" integer, "created_at" datetime, "updated_at" datetime, foreign key("received_by") references "users"("id") on delete set null, foreign key("student_fee_id") references "student_fees"("student_fee_id") on delete cascade);
CREATE TABLE IF NOT EXISTS "timetables" ("id" integer primary key autoincrement not null, "class_id" integer not null, "subject_id" integer not null, "teacher_id" integer not null, "day_of_week" varchar not null, "time_start" time not null, "time_end" time not null, "created_at" datetime, "updated_at" datetime, "section_id" integer, "room_no" varchar, foreign key("teacher_id") references users("id") on delete cascade on update no action, foreign key("subject_id") references subjects("id") on delete cascade on update no action, foreign key("class_id") references classes("id") on delete cascade on update no action, foreign key("section_id") references "sections"("section_id") on delete set null);
INSERT INTO timetables VALUES(4,4,14,13,'monday','07:00:00','08:00:00','2026-03-21 04:50:45','2026-03-21 04:50:45',NULL,NULL);
CREATE TABLE IF NOT EXISTS "students" ("id" integer primary key autoincrement not null, "user_id" integer not null, "grade" varchar, "class_id" integer, "created_at" datetime, "updated_at" datetime, "deleted_at" datetime, "student_code" varchar, "parent_name" varchar, "admission_no" varchar, "first_name" varchar, "last_name" varchar, "gender" varchar, "date_of_birth" date, "phone" varchar, "email" varchar, "address" text, "admission_date" date, "status" varchar not null default ('Active'), foreign key("class_id") references classes("id") on delete cascade on update no action, foreign key("user_id") references users("id") on delete cascade on update no action);
INSERT INTO students VALUES(3,10,'9',3,'2026-03-20 15:21:32','2026-03-20 16:05:57','2026-03-20 16:05:57',NULL,NULL,NULL,NULL,NULL,NULL,NULL,NULL,NULL,NULL,NULL,'Active');
INSERT INTO students VALUES(4,14,NULL,4,'2026-03-21 04:47:59','2026-03-21 04:50:45',NULL,'BROSEUCHAMRE',NULL,NULL,NULL,NULL,NULL,NULL,NULL,NULL,NULL,NULL,'Active');
INSERT INTO students VALUES(5,15,NULL,NULL,'2026-03-21 04:47:59','2026-03-21 04:47:59',NULL,'RABENLYATDIU',NULL,NULL,NULL,NULL,NULL,NULL,NULL,NULL,NULL,NULL,'Active');
INSERT INTO students VALUES(6,16,NULL,NULL,'2026-03-21 04:47:59','2026-03-21 04:47:59',NULL,'RITHVORNGDAR',NULL,NULL,NULL,NULL,NULL,NULL,NULL,NULL,NULL,NULL,'Active');
INSERT INTO students VALUES(7,17,NULL,NULL,'2026-03-21 04:47:59','2026-03-21 04:47:59',NULL,'RYSEREYMUTIT',NULL,NULL,NULL,NULL,NULL,NULL,NULL,NULL,NULL,NULL,'Active');
INSERT INTO students VALUES(8,18,NULL,NULL,'2026-03-21 04:47:59','2026-03-21 04:47:59',NULL,'TOURCHIEINGA',NULL,NULL,NULL,NULL,NULL,NULL,NULL,NULL,NULL,NULL,'Active');
INSERT INTO students VALUES(9,19,NULL,NULL,'2026-03-21 04:47:59','2026-03-21 04:47:59',NULL,'THANGLYSINGA',NULL,NULL,NULL,NULL,NULL,NULL,NULL,NULL,NULL,NULL,'Active');
INSERT INTO students VALUES(10,20,NULL,NULL,'2026-03-21 04:47:59','2026-03-21 04:47:59',NULL,'TAINGCHANPHA',NULL,NULL,NULL,NULL,NULL,NULL,NULL,NULL,NULL,NULL,'Active');
INSERT INTO students VALUES(11,21,NULL,NULL,'2026-03-21 04:47:59','2026-03-21 04:47:59',NULL,'NYNAISEAATDI',NULL,NULL,NULL,NULL,NULL,NULL,NULL,NULL,NULL,NULL,'Active');
INSERT INTO students VALUES(12,22,NULL,NULL,'2026-03-21 04:47:59','2026-03-21 04:47:59',NULL,'EKMENGCHHINH',NULL,NULL,NULL,NULL,NULL,NULL,NULL,NULL,NULL,NULL,'Active');
INSERT INTO students VALUES(13,23,NULL,NULL,'2026-03-21 04:47:59','2026-03-21 04:47:59',NULL,'KIMJIHOONATD',NULL,NULL,NULL,NULL,NULL,NULL,NULL,NULL,NULL,NULL,'Active');
INSERT INTO students VALUES(14,24,NULL,NULL,'2026-03-21 04:47:59','2026-03-21 04:47:59',NULL,'SECHANTHAMON',NULL,NULL,NULL,NULL,NULL,NULL,NULL,NULL,NULL,NULL,'Active');
INSERT INTO students VALUES(15,25,NULL,NULL,'2026-03-21 04:47:59','2026-03-21 04:47:59',NULL,'PEARAKSOROMN',NULL,NULL,NULL,NULL,NULL,NULL,NULL,NULL,NULL,NULL,'Active');
INSERT INTO students VALUES(16,26,NULL,NULL,'2026-03-21 04:47:59','2026-03-21 04:47:59',NULL,'SITHSARIYAAT',NULL,NULL,NULL,NULL,NULL,NULL,NULL,NULL,NULL,NULL,'Active');
INSERT INTO students VALUES(17,27,NULL,NULL,'2026-03-21 04:47:59','2026-03-21 04:47:59',NULL,'SINSIEVEATDI',NULL,NULL,NULL,NULL,NULL,NULL,NULL,NULL,NULL,NULL,'Active');
INSERT INTO students VALUES(18,28,NULL,NULL,'2026-03-21 04:47:59','2026-03-21 04:47:59',NULL,'NOUVANLIDAAT',NULL,NULL,NULL,NULL,NULL,NULL,NULL,NULL,NULL,NULL,'Active');
INSERT INTO students VALUES(19,29,NULL,NULL,'2026-03-21 04:48:00','2026-03-21 04:48:00',NULL,'HOUTSOKSOURS',NULL,NULL,NULL,NULL,NULL,NULL,NULL,NULL,NULL,NULL,'Active');
INSERT INTO students VALUES(20,30,NULL,NULL,'2026-03-21 04:48:00','2026-03-21 04:48:00',NULL,'PHIRUMMENGLE',NULL,NULL,NULL,NULL,NULL,NULL,NULL,NULL,NULL,NULL,'Active');
INSERT INTO students VALUES(21,31,NULL,NULL,'2026-03-21 04:48:00','2026-03-21 04:48:00',NULL,'NARUNYALITAA',NULL,NULL,NULL,NULL,NULL,NULL,NULL,NULL,NULL,NULL,'Active');
INSERT INTO students VALUES(22,32,NULL,NULL,'2026-03-21 04:48:00','2026-03-21 04:48:00',NULL,'THORNSIVHONG',NULL,NULL,NULL,NULL,NULL,NULL,NULL,NULL,NULL,NULL,'Active');
INSERT INTO students VALUES(23,33,NULL,NULL,'2026-03-21 04:48:00','2026-03-21 04:48:00',NULL,'LOEUPCHANMOL',NULL,NULL,NULL,NULL,NULL,NULL,NULL,NULL,NULL,NULL,'Active');
INSERT INTO students VALUES(24,34,NULL,NULL,'2026-03-21 04:48:00','2026-03-21 04:48:00',NULL,'OULVONGSOTHY',NULL,NULL,NULL,NULL,NULL,NULL,NULL,NULL,NULL,NULL,'Active');
INSERT INTO students VALUES(25,35,NULL,NULL,'2026-03-21 04:48:00','2026-03-21 04:48:00',NULL,'HOEUNBUNHAKA',NULL,NULL,NULL,NULL,NULL,NULL,NULL,NULL,NULL,NULL,'Active');
INSERT INTO students VALUES(26,36,NULL,NULL,'2026-03-21 04:48:00','2026-03-21 04:48:00',NULL,'CHUONGSOTHEA',NULL,NULL,NULL,NULL,NULL,NULL,NULL,NULL,NULL,NULL,'Active');
INSERT INTO students VALUES(27,37,NULL,NULL,'2026-03-21 04:48:00','2026-03-21 04:48:00',NULL,'CHHOUKYUTHRI',NULL,NULL,NULL,NULL,NULL,NULL,NULL,NULL,NULL,NULL,'Active');
INSERT INTO students VALUES(28,38,NULL,NULL,'2026-03-21 04:48:00','2026-03-21 04:48:00',NULL,'CHOEURTSOPHA',NULL,NULL,NULL,NULL,NULL,NULL,NULL,NULL,NULL,NULL,'Active');
INSERT INTO students VALUES(29,39,NULL,NULL,'2026-03-21 04:48:00','2026-03-21 04:48:00',NULL,'PONGSOVANDYA',NULL,NULL,NULL,NULL,NULL,NULL,NULL,NULL,NULL,NULL,'Active');
INSERT INTO students VALUES(30,40,NULL,NULL,'2026-03-21 04:48:00','2026-03-21 04:48:00',NULL,'PEOUCHANKHAN',NULL,NULL,NULL,NULL,NULL,NULL,NULL,NULL,NULL,NULL,'Active');
INSERT INTO students VALUES(31,41,NULL,NULL,'2026-03-21 04:48:00','2026-03-21 04:48:00',NULL,'HEANLYHOKATD',NULL,NULL,NULL,NULL,NULL,NULL,NULL,NULL,NULL,NULL,'Active');
INSERT INTO students VALUES(32,42,NULL,NULL,'2026-03-21 04:48:00','2026-03-21 04:48:00',NULL,'KROEUNANHSDA',NULL,NULL,NULL,NULL,NULL,NULL,NULL,NULL,NULL,NULL,'Active');
INSERT INTO students VALUES(33,43,NULL,4,'2026-03-21 04:48:00','2026-03-21 04:50:45',NULL,'CHANNASEREYV',NULL,NULL,NULL,NULL,NULL,NULL,NULL,NULL,NULL,NULL,'Active');
INSERT INTO students VALUES(34,44,NULL,4,'2026-03-21 04:48:00','2026-03-21 04:50:45',NULL,'CHHOMSOKHDAL',NULL,NULL,NULL,NULL,NULL,NULL,NULL,NULL,NULL,NULL,'Active');
INSERT INTO students VALUES(35,45,NULL,4,'2026-03-21 04:48:00','2026-03-21 04:50:45',NULL,'CHEAFUSINGAT',NULL,NULL,NULL,NULL,NULL,NULL,NULL,NULL,NULL,NULL,'Active');
INSERT INTO students VALUES(36,46,NULL,NULL,'2026-03-21 04:48:00','2026-03-21 04:48:00',NULL,'TATCHHORMROM',NULL,NULL,NULL,NULL,NULL,NULL,NULL,NULL,NULL,NULL,'Active');
INSERT INTO students VALUES(37,47,NULL,NULL,'2026-03-21 04:48:00','2026-03-21 04:48:00',NULL,'THONGHONNSOV',NULL,NULL,NULL,NULL,NULL,NULL,NULL,NULL,NULL,NULL,'Active');
INSERT INTO students VALUES(38,48,NULL,NULL,'2026-03-21 04:48:00','2026-03-21 04:48:00',NULL,'TOCHSOKHCHHA',NULL,NULL,NULL,NULL,NULL,NULL,NULL,NULL,NULL,NULL,'Active');
INSERT INTO students VALUES(39,49,NULL,NULL,'2026-03-21 04:48:00','2026-03-21 04:48:00',NULL,'TOCHSOKHDANA',NULL,NULL,NULL,NULL,NULL,NULL,NULL,NULL,NULL,NULL,'Active');
INSERT INTO students VALUES(40,50,NULL,NULL,'2026-03-21 04:48:00','2026-03-21 04:48:00',NULL,'PHATDAVIDPIC',NULL,NULL,NULL,NULL,NULL,NULL,NULL,NULL,NULL,NULL,'Active');
INSERT INTO students VALUES(41,51,NULL,NULL,'2026-03-21 04:48:00','2026-03-21 04:48:00',NULL,'MOAMANICHPIC',NULL,NULL,NULL,NULL,NULL,NULL,NULL,NULL,NULL,NULL,'Active');
INSERT INTO students VALUES(42,52,NULL,NULL,'2026-03-21 04:48:00','2026-03-21 04:48:00',NULL,'RETHKIMEUATD',NULL,NULL,NULL,NULL,NULL,NULL,NULL,NULL,NULL,NULL,'Active');
INSERT INTO students VALUES(43,53,NULL,NULL,'2026-03-21 04:48:00','2026-03-21 04:48:00',NULL,'LYHOURYUATDI',NULL,NULL,NULL,NULL,NULL,NULL,NULL,NULL,NULL,NULL,'Active');
INSERT INTO students VALUES(44,54,NULL,NULL,'2026-03-21 04:48:00','2026-03-21 04:48:00',NULL,'LYMEYLINGATD',NULL,NULL,NULL,NULL,NULL,NULL,NULL,NULL,NULL,NULL,'Active');
INSERT INTO students VALUES(45,55,NULL,NULL,'2026-03-21 04:48:00','2026-03-21 04:48:00',NULL,'SORNNILAATDI',NULL,NULL,NULL,NULL,NULL,NULL,NULL,NULL,NULL,NULL,'Active');
INSERT INTO students VALUES(46,56,NULL,NULL,'2026-03-21 04:48:00','2026-03-21 04:48:00',NULL,'SAMBATHSITHI',NULL,NULL,NULL,NULL,NULL,NULL,NULL,NULL,NULL,NULL,'Active');
INSERT INTO students VALUES(47,57,NULL,NULL,'2026-03-21 04:48:00','2026-03-21 04:48:00',NULL,'SAOOUKSAKMON',NULL,NULL,NULL,NULL,NULL,NULL,NULL,NULL,NULL,NULL,'Active');
INSERT INTO students VALUES(48,58,NULL,NULL,'2026-03-21 04:48:00','2026-03-21 04:48:00',NULL,'SOUNKIMDALYA',NULL,NULL,NULL,NULL,NULL,NULL,NULL,NULL,NULL,NULL,'Active');
INSERT INTO students VALUES(49,59,NULL,NULL,'2026-03-21 04:48:00','2026-03-21 04:48:00',NULL,'SOKSENGLYATD',NULL,NULL,NULL,NULL,NULL,NULL,NULL,NULL,NULL,NULL,'Active');
INSERT INTO students VALUES(50,60,NULL,NULL,'2026-03-21 04:48:00','2026-03-21 04:48:00',NULL,'SETJILINGATD',NULL,NULL,NULL,NULL,NULL,NULL,NULL,NULL,NULL,NULL,'Active');
INSERT INTO students VALUES(51,61,NULL,NULL,'2026-03-21 04:48:00','2026-03-21 04:48:00',NULL,'SORPHORNPANH',NULL,NULL,NULL,NULL,NULL,NULL,NULL,NULL,NULL,NULL,'Active');
INSERT INTO students VALUES(52,62,NULL,NULL,'2026-03-21 04:48:00','2026-03-21 04:48:00',NULL,'PHATCHESDAAT',NULL,NULL,NULL,NULL,NULL,NULL,NULL,NULL,NULL,NULL,'Active');
INSERT INTO students VALUES(53,63,NULL,NULL,'2026-03-21 04:48:00','2026-03-21 04:48:00',NULL,'KAEMLIVANATD',NULL,NULL,NULL,NULL,NULL,NULL,NULL,NULL,NULL,NULL,'Active');
INSERT INTO students VALUES(54,64,NULL,NULL,'2026-03-21 04:48:00','2026-03-21 04:48:00',NULL,'KHYYUJULYATD',NULL,NULL,NULL,NULL,NULL,NULL,NULL,NULL,NULL,NULL,'Active');
INSERT INTO students VALUES(55,65,NULL,NULL,'2026-03-21 04:48:00','2026-03-21 04:48:00',NULL,'NGOEURMSARAM',NULL,NULL,NULL,NULL,NULL,NULL,NULL,NULL,NULL,NULL,'Active');
INSERT INTO students VALUES(56,66,NULL,NULL,'2026-03-21 04:48:00','2026-03-21 04:48:00',NULL,'LYKIMSEARATD',NULL,NULL,NULL,NULL,NULL,NULL,NULL,NULL,NULL,NULL,'Active');
INSERT INTO students VALUES(57,67,NULL,NULL,'2026-03-21 04:48:00','2026-03-21 04:48:00',NULL,'DIMONGCHANDI',NULL,NULL,NULL,NULL,NULL,NULL,NULL,NULL,NULL,NULL,'Active');
INSERT INTO students VALUES(58,68,NULL,4,'2026-03-21 04:48:00','2026-03-21 04:50:45',NULL,'CHHEANGTONAN',NULL,NULL,NULL,NULL,NULL,NULL,NULL,NULL,NULL,NULL,'Active');
INSERT INTO students VALUES(59,69,NULL,4,'2026-03-21 04:48:00','2026-03-21 04:50:45',NULL,'CHHIMCHANCHE',NULL,NULL,NULL,NULL,NULL,NULL,NULL,NULL,NULL,NULL,'Active');
INSERT INTO students VALUES(60,70,NULL,NULL,'2026-03-21 04:48:00','2026-03-21 04:48:00',NULL,'POENGLYJINGA',NULL,NULL,NULL,NULL,NULL,NULL,NULL,NULL,NULL,NULL,'Active');
INSERT INTO students VALUES(61,71,NULL,NULL,'2026-03-21 04:48:00','2026-03-21 04:48:00',NULL,'MEABPENGHABA',NULL,NULL,NULL,NULL,NULL,NULL,NULL,NULL,NULL,NULL,'Active');
INSERT INTO students VALUES(62,72,NULL,NULL,'2026-03-21 04:48:00','2026-03-21 04:48:00',NULL,'YINROSSAATDI',NULL,NULL,NULL,NULL,NULL,NULL,NULL,NULL,NULL,NULL,'Active');
INSERT INTO students VALUES(63,73,NULL,NULL,'2026-03-21 04:48:00','2026-03-21 04:48:00',NULL,'LEIJINGFAATD',NULL,NULL,NULL,NULL,NULL,NULL,NULL,NULL,NULL,NULL,'Active');
INSERT INTO students VALUES(64,74,NULL,NULL,'2026-03-21 04:48:00','2026-03-21 04:48:00',NULL,'OUKPHANONATD',NULL,NULL,NULL,NULL,NULL,NULL,NULL,NULL,NULL,NULL,'Active');
INSERT INTO students VALUES(65,75,NULL,NULL,'2026-03-21 04:48:00','2026-03-21 04:48:00',NULL,'SEUNMONORITH',NULL,NULL,NULL,NULL,NULL,NULL,NULL,NULL,NULL,NULL,'Active');
INSERT INTO students VALUES(66,76,NULL,NULL,'2026-03-21 04:48:00','2026-03-21 04:48:00',NULL,'LEELEEBEEATD',NULL,NULL,NULL,NULL,NULL,NULL,NULL,NULL,NULL,NULL,'Active');
INSERT INTO students VALUES(67,77,NULL,NULL,'2026-03-21 04:48:00','2026-03-21 04:48:00',NULL,'KHEARYYAVORN',NULL,NULL,NULL,NULL,NULL,NULL,NULL,NULL,NULL,NULL,'Active');
INSERT INTO students VALUES(68,78,NULL,NULL,'2026-03-21 04:48:00','2026-03-21 04:48:00',NULL,'KHENGKIMGHOR',NULL,NULL,NULL,NULL,NULL,NULL,NULL,NULL,NULL,NULL,'Active');
INSERT INTO students VALUES(69,79,NULL,NULL,'2026-03-21 04:48:00','2026-03-21 04:48:00',NULL,'LIMJINGLONGA',NULL,NULL,NULL,NULL,NULL,NULL,NULL,NULL,NULL,NULL,'Active');
INSERT INTO students VALUES(70,80,NULL,NULL,'2026-03-21 04:48:00','2026-03-21 04:48:00',NULL,'KORLEANGKUNG',NULL,NULL,NULL,NULL,NULL,NULL,NULL,NULL,NULL,NULL,'Active');
INSERT INTO students VALUES(71,81,NULL,4,'2026-03-21 04:48:00','2026-03-21 04:50:45',NULL,'CHAVCHHEAVME',NULL,NULL,NULL,NULL,NULL,NULL,NULL,NULL,NULL,NULL,'Active');
INSERT INTO students VALUES(72,82,NULL,NULL,'2026-03-21 04:48:00','2026-03-21 04:48:00',NULL,'THAREAKDYCHH',NULL,NULL,NULL,NULL,NULL,NULL,NULL,NULL,NULL,NULL,'Active');
INSERT INTO students VALUES(73,83,NULL,NULL,'2026-03-21 04:48:00','2026-03-21 04:48:00',NULL,'PROMCHANDARA',NULL,NULL,NULL,NULL,NULL,NULL,NULL,NULL,NULL,NULL,'Active');
INSERT INTO students VALUES(74,84,NULL,NULL,'2026-03-21 04:48:00','2026-03-21 04:48:00',NULL,'RITHVATHANAK',NULL,NULL,NULL,NULL,NULL,NULL,NULL,NULL,NULL,NULL,'Active');
INSERT INTO students VALUES(75,85,NULL,NULL,'2026-03-21 04:48:00','2026-03-21 04:48:00',NULL,'ROEUNSOKMONY',NULL,NULL,NULL,NULL,NULL,NULL,NULL,NULL,NULL,NULL,'Active');
INSERT INTO students VALUES(76,86,NULL,NULL,'2026-03-21 04:48:00','2026-03-21 04:48:00',NULL,'ROMRATHANAKA',NULL,NULL,NULL,NULL,NULL,NULL,NULL,NULL,NULL,NULL,'Active');
INSERT INTO students VALUES(77,87,NULL,NULL,'2026-03-21 04:48:00','2026-03-21 04:48:00',NULL,'LYPHAVINATDI',NULL,NULL,NULL,NULL,NULL,NULL,NULL,NULL,NULL,NULL,'Active');
INSERT INTO students VALUES(78,88,NULL,NULL,'2026-03-21 04:48:00','2026-03-21 04:48:00',NULL,'VICHITSOVANA',NULL,NULL,NULL,NULL,NULL,NULL,NULL,NULL,NULL,NULL,'Active');
INSERT INTO students VALUES(79,89,NULL,NULL,'2026-03-21 04:48:00','2026-03-21 04:48:00',NULL,'SOUNGROBYATD',NULL,NULL,NULL,NULL,NULL,NULL,NULL,NULL,NULL,NULL,'Active');
INSERT INTO students VALUES(80,90,NULL,NULL,'2026-03-21 04:48:00','2026-03-21 04:48:00',NULL,'SITHVISALATD',NULL,NULL,NULL,NULL,NULL,NULL,NULL,NULL,NULL,NULL,'Active');
INSERT INTO students VALUES(81,91,NULL,NULL,'2026-03-21 04:48:00','2026-03-21 04:48:00',NULL,'SOMPHEANGFAA',NULL,NULL,NULL,NULL,NULL,NULL,NULL,NULL,NULL,NULL,'Active');
INSERT INTO students VALUES(82,92,NULL,NULL,'2026-03-21 04:48:00','2026-03-21 04:48:00',NULL,'MAOCHHAYHENG',NULL,NULL,NULL,NULL,NULL,NULL,NULL,NULL,NULL,NULL,'Active');
INSERT INTO students VALUES(83,93,NULL,NULL,'2026-03-21 04:48:00','2026-03-21 04:48:00',NULL,'HOEURNSIVLAN',NULL,NULL,NULL,NULL,NULL,NULL,NULL,NULL,NULL,NULL,'Active');
INSERT INTO students VALUES(84,94,NULL,NULL,'2026-03-21 04:48:00','2026-03-21 04:48:00',NULL,'NGUYDAVIKAAT',NULL,NULL,NULL,NULL,NULL,NULL,NULL,NULL,NULL,NULL,'Active');
INSERT INTO students VALUES(85,95,NULL,NULL,'2026-03-21 04:48:00','2026-03-21 04:48:00',NULL,'DONGOLIVERAT',NULL,NULL,NULL,NULL,NULL,NULL,NULL,NULL,NULL,NULL,'Active');
INSERT INTO students VALUES(86,96,NULL,NULL,'2026-03-21 04:48:00','2026-03-21 04:48:00',NULL,'CHUONGSOTHEA1',NULL,NULL,NULL,NULL,NULL,NULL,NULL,NULL,NULL,NULL,'Active');
INSERT INTO students VALUES(87,97,NULL,NULL,'2026-03-21 04:48:00','2026-03-21 04:48:00',NULL,'CHHOUKSOMAVA',NULL,NULL,NULL,NULL,NULL,NULL,NULL,NULL,NULL,NULL,'Active');
INSERT INTO students VALUES(88,98,NULL,NULL,'2026-03-21 04:48:00','2026-03-21 04:48:00',NULL,'DYPANHARITHA',NULL,NULL,NULL,NULL,NULL,NULL,NULL,NULL,NULL,NULL,'Active');
INSERT INTO students VALUES(89,99,NULL,NULL,'2026-03-21 04:48:00','2026-03-21 04:48:00',NULL,'DYSOVANNARYN',NULL,NULL,NULL,NULL,NULL,NULL,NULL,NULL,NULL,NULL,'Active');
INSERT INTO students VALUES(90,100,NULL,NULL,'2026-03-21 04:48:00','2026-03-21 04:48:00',NULL,'MEASPOVLYHEN',NULL,NULL,NULL,NULL,NULL,NULL,NULL,NULL,NULL,NULL,'Active');
INSERT INTO students VALUES(91,101,NULL,NULL,'2026-03-21 04:48:00','2026-03-21 04:48:00',NULL,'SOKHPUTTIREA',NULL,NULL,NULL,NULL,NULL,NULL,NULL,NULL,NULL,NULL,'Active');
INSERT INTO students VALUES(92,102,NULL,NULL,'2026-03-21 04:48:00','2026-03-21 04:48:00',NULL,'HENGCHUEPAIA',NULL,NULL,NULL,NULL,NULL,NULL,NULL,NULL,NULL,NULL,'Active');
INSERT INTO students VALUES(93,103,NULL,NULL,'2026-03-21 04:48:00','2026-03-21 04:48:00',NULL,'KROEUNRONASM',NULL,NULL,NULL,NULL,NULL,NULL,NULL,NULL,NULL,NULL,'Active');
INSERT INTO students VALUES(94,104,NULL,4,'2026-03-21 04:48:00','2026-03-21 04:50:45',NULL,'CHHONBORASIT',NULL,NULL,NULL,NULL,NULL,NULL,NULL,NULL,NULL,NULL,'Active');
INSERT INTO students VALUES(95,105,NULL,4,'2026-03-21 04:48:00','2026-03-21 04:50:45',NULL,'CHHIENGVETHA',NULL,NULL,NULL,NULL,NULL,NULL,NULL,NULL,NULL,NULL,'Active');
INSERT INTO students VALUES(96,106,NULL,NULL,'2026-03-21 04:48:00','2026-03-21 04:48:00',NULL,'THOEUNSOMALI',NULL,NULL,NULL,NULL,NULL,NULL,NULL,NULL,NULL,NULL,'Active');
INSERT INTO students VALUES(97,107,NULL,NULL,'2026-03-21 04:48:00','2026-03-21 04:48:00',NULL,'ROMRUBYATDIU',NULL,NULL,NULL,NULL,NULL,NULL,NULL,NULL,NULL,NULL,'Active');
INSERT INTO students VALUES(98,108,NULL,NULL,'2026-03-21 04:48:00','2026-03-21 04:48:00',NULL,'YOMMEYJINGAT',NULL,NULL,NULL,NULL,NULL,NULL,NULL,NULL,NULL,NULL,'Active');
INSERT INTO students VALUES(99,109,NULL,NULL,'2026-03-21 04:48:00','2026-03-21 04:48:00',NULL,'VIBOLPANHASE',NULL,NULL,NULL,NULL,NULL,NULL,NULL,NULL,NULL,NULL,'Active');
INSERT INTO students VALUES(100,110,NULL,NULL,'2026-03-21 04:48:00','2026-03-21 04:48:00',NULL,'SECHANTHAMON1',NULL,NULL,NULL,NULL,NULL,NULL,NULL,NULL,NULL,NULL,'Active');
INSERT INTO students VALUES(101,111,NULL,NULL,'2026-03-21 04:48:00','2026-03-21 04:48:00',NULL,'KHENGKIMSEAT',NULL,NULL,NULL,NULL,NULL,NULL,NULL,NULL,NULL,NULL,'Active');
INSERT INTO students VALUES(102,112,NULL,NULL,'2026-03-21 04:48:00','2026-03-21 04:48:00',NULL,'HOEMCHANLIKA',NULL,NULL,NULL,NULL,NULL,NULL,NULL,NULL,NULL,NULL,'Active');
INSERT INTO students VALUES(103,113,NULL,NULL,'2026-03-21 04:48:00','2026-03-21 04:48:00',NULL,'OBSOMAVATEYA',NULL,NULL,NULL,NULL,NULL,NULL,NULL,NULL,NULL,NULL,'Active');
INSERT INTO students VALUES(104,114,NULL,NULL,'2026-03-21 04:48:00','2026-03-21 04:48:00',NULL,'PHANSOKREACH1',NULL,NULL,NULL,NULL,NULL,NULL,NULL,NULL,NULL,NULL,'Active');
INSERT INTO students VALUES(105,115,NULL,NULL,'2026-03-21 04:48:00','2026-03-21 04:48:00',NULL,'PHEANGKACHHA',NULL,NULL,NULL,NULL,NULL,NULL,NULL,NULL,NULL,NULL,'Active');
INSERT INTO students VALUES(106,116,NULL,NULL,'2026-03-21 04:48:00','2026-03-21 04:48:00',NULL,'THOEURNPRAKT',NULL,NULL,NULL,NULL,NULL,NULL,NULL,NULL,NULL,NULL,'Active');
INSERT INTO students VALUES(107,117,NULL,NULL,'2026-03-21 04:48:00','2026-03-21 04:48:00',NULL,'MAKARASOVANS',NULL,NULL,NULL,NULL,NULL,NULL,NULL,NULL,NULL,NULL,'Active');
INSERT INTO students VALUES(108,118,NULL,NULL,'2026-03-21 04:48:00','2026-03-21 04:48:00',NULL,'POENGLYHAVAT',NULL,NULL,NULL,NULL,NULL,NULL,NULL,NULL,NULL,NULL,'Active');
INSERT INTO students VALUES(109,119,NULL,NULL,'2026-03-21 04:48:00','2026-03-21 04:48:00',NULL,'RATHANAVANCH',NULL,NULL,NULL,NULL,NULL,NULL,NULL,NULL,NULL,NULL,'Active');
INSERT INTO students VALUES(110,120,NULL,NULL,'2026-03-21 04:48:00','2026-03-21 04:48:00',NULL,'SROUYVANNVIS',NULL,NULL,NULL,NULL,NULL,NULL,NULL,NULL,NULL,NULL,'Active');
INSERT INTO students VALUES(111,121,NULL,NULL,'2026-03-21 04:48:00','2026-03-21 04:48:00',NULL,'HANGEMAATDIU',NULL,NULL,NULL,NULL,NULL,NULL,NULL,NULL,NULL,NULL,'Active');
INSERT INTO students VALUES(112,122,NULL,NULL,'2026-03-21 04:48:00','2026-03-21 04:48:00',NULL,'HENGCHUESUNA',NULL,NULL,NULL,NULL,NULL,NULL,NULL,NULL,NULL,NULL,'Active');
INSERT INTO students VALUES(113,123,NULL,NULL,'2026-03-21 04:48:00','2026-03-21 04:48:00',NULL,'HEANLYHOUTAT',NULL,NULL,NULL,NULL,NULL,NULL,NULL,NULL,NULL,NULL,'Active');
INSERT INTO students VALUES(114,124,NULL,4,'2026-03-21 04:48:00','2026-03-21 04:50:45',NULL,'CHEASEANGEAT',NULL,NULL,NULL,NULL,NULL,NULL,NULL,NULL,NULL,NULL,'Active');
INSERT INTO students VALUES(115,125,NULL,NULL,'2026-03-21 04:48:00','2026-03-21 04:48:00',NULL,'CHEACHIENMIN',NULL,NULL,NULL,NULL,NULL,NULL,NULL,NULL,NULL,NULL,'Active');
INSERT INTO students VALUES(116,126,NULL,NULL,'2026-03-21 04:48:00','2026-03-21 04:48:00',NULL,'DINATHANNADI',NULL,NULL,NULL,NULL,NULL,NULL,NULL,NULL,NULL,NULL,'Active');
INSERT INTO students VALUES(117,127,NULL,NULL,'2026-03-21 04:48:00','2026-03-21 04:48:00',NULL,'TANVEARAKSAK',NULL,NULL,NULL,NULL,NULL,NULL,NULL,NULL,NULL,NULL,'Active');
INSERT INTO students VALUES(118,128,NULL,NULL,'2026-03-21 04:48:00','2026-03-21 04:48:00',NULL,'TONGHANNKING',NULL,NULL,NULL,NULL,NULL,NULL,NULL,NULL,NULL,NULL,'Active');
INSERT INTO students VALUES(119,129,NULL,NULL,'2026-03-21 04:48:00','2026-03-21 04:48:00',NULL,'TURMEYLINGAT',NULL,NULL,NULL,NULL,NULL,NULL,NULL,NULL,NULL,NULL,'Active');
INSERT INTO students VALUES(120,130,NULL,NULL,'2026-03-21 04:48:00','2026-03-21 04:48:00',NULL,'NYVOUCHNEAAT',NULL,NULL,NULL,NULL,NULL,NULL,NULL,NULL,NULL,NULL,'Active');
INSERT INTO students VALUES(121,131,NULL,4,'2026-03-21 04:48:00','2026-03-21 04:50:45',NULL,'BUNSIVELINGA',NULL,NULL,NULL,NULL,NULL,NULL,NULL,NULL,NULL,NULL,'Active');
INSERT INTO students VALUES(122,132,NULL,NULL,'2026-03-21 04:48:00','2026-03-21 04:48:00',NULL,'PHORNPHANETH',NULL,NULL,NULL,NULL,NULL,NULL,NULL,NULL,NULL,NULL,'Active');
INSERT INTO students VALUES(123,133,NULL,NULL,'2026-03-21 04:48:00','2026-03-21 04:48:00',NULL,'MEASVICHAISO',NULL,NULL,NULL,NULL,NULL,NULL,NULL,NULL,NULL,NULL,'Active');
INSERT INTO students VALUES(124,134,NULL,NULL,'2026-03-21 04:48:00','2026-03-21 04:48:00',NULL,'MORNKIMLANGA',NULL,NULL,NULL,NULL,NULL,NULL,NULL,NULL,NULL,NULL,'Active');
INSERT INTO students VALUES(125,135,NULL,NULL,'2026-03-21 04:48:00','2026-03-21 04:48:00',NULL,'VIBOLPANHARE',NULL,NULL,NULL,NULL,NULL,NULL,NULL,NULL,NULL,NULL,'Active');
INSERT INTO students VALUES(126,136,NULL,NULL,'2026-03-21 04:48:00','2026-03-21 04:48:00',NULL,'VUTHYKIMHENG',NULL,NULL,NULL,NULL,NULL,NULL,NULL,NULL,NULL,NULL,'Active');
INSERT INTO students VALUES(127,137,NULL,NULL,'2026-03-21 04:48:00','2026-03-21 04:48:00',NULL,'SETSOUNERATD',NULL,NULL,NULL,NULL,NULL,NULL,NULL,NULL,NULL,NULL,'Active');
INSERT INTO students VALUES(128,138,NULL,NULL,'2026-03-21 04:48:00','2026-03-21 04:48:00',NULL,'EMRACHANAATD',NULL,NULL,NULL,NULL,NULL,NULL,NULL,NULL,NULL,NULL,'Active');
INSERT INTO students VALUES(129,139,NULL,NULL,'2026-03-21 04:48:00','2026-03-21 04:48:00',NULL,'HANDARAATDIU',NULL,NULL,NULL,NULL,NULL,NULL,NULL,NULL,NULL,NULL,'Active');
INSERT INTO students VALUES(130,140,NULL,NULL,'2026-03-21 04:48:00','2026-03-21 04:48:00',NULL,'HANDARITHATD',NULL,NULL,NULL,NULL,NULL,NULL,NULL,NULL,NULL,NULL,'Active');
INSERT INTO students VALUES(131,141,NULL,NULL,'2026-03-21 04:48:00','2026-03-21 04:48:00',NULL,'EKMENGCHHUNA',NULL,NULL,NULL,NULL,NULL,NULL,NULL,NULL,NULL,NULL,'Active');
INSERT INTO students VALUES(132,142,NULL,NULL,'2026-03-21 04:48:00','2026-03-21 04:48:00',NULL,'VUTHKIMCHANS',NULL,NULL,NULL,NULL,NULL,NULL,NULL,NULL,NULL,NULL,'Active');
INSERT INTO students VALUES(133,143,NULL,NULL,'2026-03-21 04:48:00','2026-03-21 04:48:00',NULL,'PROEMYUBYATD',NULL,NULL,NULL,NULL,NULL,NULL,NULL,NULL,NULL,NULL,'Active');
INSERT INTO students VALUES(134,144,NULL,NULL,'2026-03-21 04:48:00','2026-03-21 04:48:00',NULL,'GOUVKIMSEARA',NULL,NULL,NULL,NULL,NULL,NULL,NULL,NULL,NULL,NULL,'Active');
INSERT INTO students VALUES(135,145,NULL,NULL,'2026-03-21 04:48:00','2026-03-21 04:48:00',NULL,'VUTHVONGVUTH',NULL,NULL,NULL,NULL,NULL,NULL,NULL,NULL,NULL,NULL,'Active');
INSERT INTO students VALUES(136,146,NULL,4,'2026-03-21 04:48:00','2026-03-21 04:50:45',NULL,'CHEASENGHOKA',NULL,NULL,NULL,NULL,NULL,NULL,NULL,NULL,NULL,NULL,'Active');
INSERT INTO students VALUES(137,147,NULL,NULL,'2026-03-21 04:48:00','2026-03-21 04:48:00',NULL,'THANGLYSEANA',NULL,NULL,NULL,NULL,NULL,NULL,NULL,NULL,NULL,NULL,'Active');
INSERT INTO students VALUES(138,148,NULL,NULL,'2026-03-21 04:48:00','2026-03-21 04:48:00',NULL,'TANARITAATDI',NULL,NULL,NULL,NULL,NULL,NULL,NULL,NULL,NULL,NULL,'Active');
INSERT INTO students VALUES(139,149,NULL,NULL,'2026-03-21 04:48:00','2026-03-21 04:48:00',NULL,'TIMPANHAPICH',NULL,NULL,NULL,NULL,NULL,NULL,NULL,NULL,NULL,NULL,'Active');
INSERT INTO students VALUES(140,150,NULL,NULL,'2026-03-21 04:48:00','2026-03-21 04:48:00',NULL,'PANHACHUMENG',NULL,NULL,NULL,NULL,NULL,NULL,NULL,NULL,NULL,NULL,'Active');
INSERT INTO students VALUES(141,151,NULL,NULL,'2026-03-21 04:48:00','2026-03-21 04:48:00',NULL,'RENNARINATDI',NULL,NULL,NULL,NULL,NULL,NULL,NULL,NULL,NULL,NULL,'Active');
INSERT INTO students VALUES(142,152,NULL,NULL,'2026-03-21 04:48:00','2026-03-21 04:48:00',NULL,'LOEUPCHIHUNA',NULL,NULL,NULL,NULL,NULL,NULL,NULL,NULL,NULL,NULL,'Active');
INSERT INTO students VALUES(143,153,NULL,NULL,'2026-03-21 04:48:00','2026-03-21 04:48:00',NULL,'LYHOURPHENGA',NULL,NULL,NULL,NULL,NULL,NULL,NULL,NULL,NULL,NULL,'Active');
INSERT INTO students VALUES(144,154,NULL,NULL,'2026-03-21 04:48:00','2026-03-21 04:48:00',NULL,'LIMINFAATDIU',NULL,NULL,NULL,NULL,NULL,NULL,NULL,NULL,NULL,NULL,'Active');
INSERT INTO students VALUES(145,155,NULL,NULL,'2026-03-21 04:48:00','2026-03-21 04:48:00',NULL,'VOUNSEREYRET',NULL,NULL,NULL,NULL,NULL,NULL,NULL,NULL,NULL,NULL,'Active');
INSERT INTO students VALUES(146,156,NULL,NULL,'2026-03-21 04:48:00','2026-03-21 04:48:00',NULL,'HONGSUJINGAT',NULL,NULL,NULL,NULL,NULL,NULL,NULL,NULL,NULL,NULL,'Active');
INSERT INTO students VALUES(147,157,NULL,NULL,'2026-03-21 04:48:00','2026-03-21 04:48:00',NULL,'ENGPHANITATD',NULL,NULL,NULL,NULL,NULL,NULL,NULL,NULL,NULL,NULL,'Active');
INSERT INTO students VALUES(148,158,NULL,NULL,'2026-03-21 04:48:00','2026-03-21 04:48:00',NULL,'KOUCHCHHENGK',NULL,NULL,NULL,NULL,NULL,NULL,NULL,NULL,NULL,NULL,'Active');
INSERT INTO students VALUES(149,159,NULL,NULL,'2026-03-21 04:48:00','2026-03-21 04:48:00',NULL,'THOEUNSOMAVA',NULL,NULL,NULL,NULL,NULL,NULL,NULL,NULL,NULL,NULL,'Active');
INSERT INTO students VALUES(150,160,NULL,NULL,'2026-03-21 04:48:00','2026-03-21 04:48:00',NULL,'NYSOKPANHAAT',NULL,NULL,NULL,NULL,NULL,NULL,NULL,NULL,NULL,NULL,'Active');
INSERT INTO students VALUES(151,161,NULL,NULL,'2026-03-21 04:48:00','2026-03-21 04:48:00',NULL,'TIMREAKSAATD',NULL,NULL,NULL,NULL,NULL,NULL,NULL,NULL,NULL,NULL,'Active');
INSERT INTO students VALUES(152,162,NULL,NULL,'2026-03-21 04:48:00','2026-03-21 04:48:00',NULL,'PHEAPSOCHEAT',NULL,NULL,NULL,NULL,NULL,NULL,NULL,NULL,NULL,NULL,'Active');
INSERT INTO students VALUES(153,163,NULL,NULL,'2026-03-21 04:48:00','2026-03-21 04:48:00',NULL,'PHANSOTHEAAT',NULL,NULL,NULL,NULL,NULL,NULL,NULL,NULL,NULL,NULL,'Active');
INSERT INTO students VALUES(154,164,NULL,NULL,'2026-03-21 04:48:00','2026-03-21 04:48:00',NULL,'MENGADELAATD',NULL,NULL,NULL,NULL,NULL,NULL,NULL,NULL,NULL,NULL,'Active');
INSERT INTO students VALUES(155,165,NULL,NULL,'2026-03-21 04:48:00','2026-03-21 04:48:00',NULL,'REAMKIMSUOAT',NULL,NULL,NULL,NULL,NULL,NULL,NULL,NULL,NULL,NULL,'Active');
INSERT INTO students VALUES(156,166,NULL,NULL,'2026-03-21 04:48:00','2026-03-21 04:48:00',NULL,'VOUNSEREYVAT',NULL,NULL,NULL,NULL,NULL,NULL,NULL,NULL,NULL,NULL,'Active');
INSERT INTO students VALUES(157,167,NULL,NULL,'2026-03-21 04:48:00','2026-03-21 04:48:00',NULL,'SARUNSOKSERY',NULL,NULL,NULL,NULL,NULL,NULL,NULL,NULL,NULL,NULL,'Active');
INSERT INTO students VALUES(158,168,NULL,NULL,'2026-03-21 04:48:00','2026-03-21 04:48:00',NULL,'SIMSANAATDIU',NULL,NULL,NULL,NULL,NULL,NULL,NULL,NULL,NULL,NULL,'Active');
INSERT INTO students VALUES(159,169,NULL,NULL,'2026-03-21 04:48:00','2026-03-21 04:48:00',NULL,'SENGRATHANAA',NULL,NULL,NULL,NULL,NULL,NULL,NULL,NULL,NULL,NULL,'Active');
INSERT INTO students VALUES(160,170,NULL,NULL,'2026-03-21 04:48:00','2026-03-21 04:48:00',NULL,'SAMNANGPHANO',NULL,NULL,NULL,NULL,NULL,NULL,NULL,NULL,NULL,NULL,'Active');
INSERT INTO students VALUES(161,171,NULL,NULL,'2026-03-21 04:48:00','2026-03-21 04:48:00',NULL,'HOUSOKUNPANH',NULL,NULL,NULL,NULL,NULL,NULL,NULL,NULL,NULL,NULL,'Active');
INSERT INTO students VALUES(162,172,NULL,NULL,'2026-03-21 04:48:00','2026-03-21 04:48:00',NULL,'HANGERIKAATD',NULL,NULL,NULL,NULL,NULL,NULL,NULL,NULL,NULL,NULL,'Active');
INSERT INTO students VALUES(163,173,NULL,NULL,'2026-03-21 04:48:00','2026-03-21 04:48:00',NULL,'SOVANNCHORTV',NULL,NULL,NULL,NULL,NULL,NULL,NULL,NULL,NULL,NULL,'Active');
INSERT INTO students VALUES(164,174,NULL,NULL,'2026-03-21 04:48:00','2026-03-21 04:48:00',NULL,'YOUSTEVENATD',NULL,NULL,NULL,NULL,NULL,NULL,NULL,NULL,NULL,NULL,'Active');
INSERT INTO students VALUES(165,175,NULL,NULL,'2026-03-21 04:48:00','2026-03-21 04:48:00',NULL,'KHOEMBUNCHHE',NULL,NULL,NULL,NULL,NULL,NULL,NULL,NULL,NULL,NULL,'Active');
INSERT INTO students VALUES(166,176,NULL,NULL,'2026-03-21 04:48:00','2026-03-21 04:48:00',NULL,'KRYTHEAVYATD',NULL,NULL,NULL,NULL,NULL,NULL,NULL,NULL,NULL,NULL,'Active');
INSERT INTO students VALUES(167,177,NULL,NULL,'2026-03-21 04:48:00','2026-03-21 04:48:00',NULL,'KHOEURNSOKLI',NULL,NULL,NULL,NULL,NULL,NULL,NULL,NULL,NULL,NULL,'Active');
INSERT INTO students VALUES(168,178,NULL,NULL,'2026-03-21 04:48:00','2026-03-21 04:48:00',NULL,'CHHUOKAPICHH',NULL,NULL,NULL,NULL,NULL,NULL,NULL,NULL,NULL,NULL,'Active');
INSERT INTO students VALUES(169,179,NULL,NULL,'2026-03-21 04:48:00','2026-03-21 04:48:00',NULL,'DETHSOVANPAN',NULL,NULL,NULL,NULL,NULL,NULL,NULL,NULL,NULL,NULL,'Active');
INSERT INTO students VALUES(170,180,NULL,4,'2026-03-21 04:48:00','2026-03-21 04:50:45',NULL,'BEANKIMHYKAT',NULL,NULL,NULL,NULL,NULL,NULL,NULL,NULL,NULL,NULL,'Active');
INSERT INTO students VALUES(171,181,NULL,NULL,'2026-03-21 04:48:00','2026-03-21 04:48:00',NULL,'MOMPHANITHAT',NULL,NULL,NULL,NULL,NULL,NULL,NULL,NULL,NULL,NULL,'Active');
INSERT INTO students VALUES(172,182,NULL,NULL,'2026-03-21 04:48:00','2026-03-21 04:48:00',NULL,'LYHEANGLAYAT',NULL,NULL,NULL,NULL,NULL,NULL,NULL,NULL,NULL,NULL,'Active');
INSERT INTO students VALUES(173,183,NULL,NULL,'2026-03-21 04:48:00','2026-03-21 04:48:00',NULL,'SEYEANSONGAT',NULL,NULL,NULL,NULL,NULL,NULL,NULL,NULL,NULL,NULL,'Active');
INSERT INTO students VALUES(174,184,NULL,NULL,'2026-03-21 04:48:00','2026-03-21 04:48:00',NULL,'SENSIVEMEYAT',NULL,NULL,NULL,NULL,NULL,NULL,NULL,NULL,NULL,NULL,'Active');
INSERT INTO students VALUES(175,185,NULL,NULL,'2026-03-21 04:48:00','2026-03-21 04:48:00',NULL,'HAKNAPHATATD',NULL,NULL,NULL,NULL,NULL,NULL,NULL,NULL,NULL,NULL,'Active');
INSERT INTO students VALUES(176,186,NULL,NULL,'2026-03-21 04:48:00','2026-03-21 04:48:00',NULL,'ODOMCHANSIVE',NULL,NULL,NULL,NULL,NULL,NULL,NULL,NULL,NULL,NULL,'Active');
INSERT INTO students VALUES(177,187,NULL,4,'2026-03-21 04:48:00','2026-03-21 04:50:45',NULL,'BUNCHEONGATD',NULL,NULL,NULL,NULL,NULL,NULL,NULL,NULL,NULL,NULL,'Active');
INSERT INTO students VALUES(178,188,NULL,NULL,'2026-03-21 04:48:00','2026-03-21 04:48:00',NULL,'SOUNSOKLEAPH',NULL,NULL,NULL,NULL,NULL,NULL,NULL,NULL,NULL,NULL,'Active');
INSERT INTO students VALUES(179,189,NULL,NULL,'2026-03-21 04:48:00','2026-03-21 04:48:00',NULL,'NGOUNMONYROT',NULL,NULL,NULL,NULL,NULL,NULL,NULL,NULL,NULL,NULL,'Active');
INSERT INTO students VALUES(180,190,NULL,4,'2026-03-21 04:48:00','2026-03-21 04:50:45',NULL,'CHANNAYARYAT',NULL,NULL,NULL,NULL,NULL,NULL,NULL,NULL,NULL,NULL,'Active');
INSERT INTO students VALUES(181,191,NULL,NULL,'2026-03-21 04:48:00','2026-03-21 04:48:00',NULL,'CHAOSAVONGAT',NULL,NULL,NULL,NULL,NULL,NULL,NULL,NULL,NULL,NULL,'Active');
INSERT INTO students VALUES(182,192,NULL,NULL,'2026-03-21 04:48:00','2026-03-21 04:48:00',NULL,'NOKSOKHIMATD',NULL,NULL,NULL,NULL,NULL,NULL,NULL,NULL,NULL,NULL,'Active');
INSERT INTO students VALUES(183,193,NULL,NULL,'2026-03-21 04:48:00','2026-03-21 04:48:00',NULL,'THOLSIVMENHA',NULL,NULL,NULL,NULL,NULL,NULL,NULL,NULL,NULL,NULL,'Active');
INSERT INTO students VALUES(184,194,NULL,NULL,'2026-03-21 04:48:00','2026-03-21 04:48:00',NULL,'TIMRACHANCEA',NULL,NULL,NULL,NULL,NULL,NULL,NULL,NULL,NULL,NULL,'Active');
INSERT INTO students VALUES(185,195,NULL,NULL,'2026-03-21 04:48:00','2026-03-21 04:48:00',NULL,'NIMSIVMEYATD',NULL,NULL,NULL,NULL,NULL,NULL,NULL,NULL,NULL,NULL,'Active');
INSERT INTO students VALUES(186,196,NULL,NULL,'2026-03-21 04:48:00','2026-03-21 04:48:00',NULL,'POVNANAATDIU',NULL,NULL,NULL,NULL,NULL,NULL,NULL,NULL,NULL,NULL,'Active');
INSERT INTO students VALUES(187,197,NULL,NULL,'2026-03-21 04:48:00','2026-03-21 04:48:00',NULL,'PHUYMENGLONG',NULL,NULL,NULL,NULL,NULL,NULL,NULL,NULL,NULL,NULL,'Active');
INSERT INTO students VALUES(188,198,NULL,NULL,'2026-03-21 04:48:00','2026-03-21 04:48:00',NULL,'ROEURTVIREAK',NULL,NULL,NULL,NULL,NULL,NULL,NULL,NULL,NULL,NULL,'Active');
INSERT INTO students VALUES(189,199,NULL,NULL,'2026-03-21 04:48:00','2026-03-21 04:48:00',NULL,'SONGEHONGATD',NULL,NULL,NULL,NULL,NULL,NULL,NULL,NULL,NULL,NULL,'Active');
INSERT INTO students VALUES(190,200,NULL,NULL,'2026-03-21 04:48:00','2026-03-21 04:48:00',NULL,'ROMMOLIKAATD',NULL,NULL,NULL,NULL,NULL,NULL,NULL,NULL,NULL,NULL,'Active');
INSERT INTO students VALUES(191,201,NULL,NULL,'2026-03-21 04:48:00','2026-03-21 04:48:00',NULL,'ROTHVANHEANG',NULL,NULL,NULL,NULL,NULL,NULL,NULL,NULL,NULL,NULL,'Active');
INSERT INTO students VALUES(192,202,NULL,NULL,'2026-03-21 04:48:00','2026-03-21 04:48:00',NULL,'VANNAKHAKYIN',NULL,NULL,NULL,NULL,NULL,NULL,NULL,NULL,NULL,NULL,'Active');
INSERT INTO students VALUES(193,203,NULL,NULL,'2026-03-21 04:48:00','2026-03-21 04:48:00',NULL,'VETPHANNAATD',NULL,NULL,NULL,NULL,NULL,NULL,NULL,NULL,NULL,NULL,'Active');
INSERT INTO students VALUES(194,204,NULL,NULL,'2026-03-21 04:48:00','2026-03-21 04:48:00',NULL,'SENPANHAATDI',NULL,NULL,NULL,NULL,NULL,NULL,NULL,NULL,NULL,NULL,'Active');
INSERT INTO students VALUES(195,205,NULL,NULL,'2026-03-21 04:48:00','2026-03-21 04:48:00',NULL,'HORSOKUNSAKA',NULL,NULL,NULL,NULL,NULL,NULL,NULL,NULL,NULL,NULL,'Active');
INSERT INTO students VALUES(196,206,NULL,NULL,'2026-03-21 04:48:00','2026-03-21 04:48:00',NULL,'HOEURNCHINGL',NULL,NULL,NULL,NULL,NULL,NULL,NULL,NULL,NULL,NULL,'Active');
INSERT INTO students VALUES(197,207,NULL,NULL,'2026-03-21 04:48:00','2026-03-21 04:48:00',NULL,'LABUNCHAIYUT',NULL,NULL,NULL,NULL,NULL,NULL,NULL,NULL,NULL,NULL,'Active');
INSERT INTO students VALUES(198,208,NULL,NULL,'2026-03-21 04:48:00','2026-03-21 04:48:00',NULL,'OUCHSETHHANA',NULL,NULL,NULL,NULL,NULL,NULL,NULL,NULL,NULL,NULL,'Active');
INSERT INTO students VALUES(199,209,NULL,NULL,'2026-03-21 04:48:00','2026-03-21 04:48:00',NULL,'CHUMKRISNAAT',NULL,NULL,NULL,NULL,NULL,NULL,NULL,NULL,NULL,NULL,'Active');
INSERT INTO students VALUES(200,210,NULL,NULL,'2026-03-21 04:48:00','2026-03-21 04:48:00',NULL,'THANOUKSANAT',NULL,NULL,NULL,NULL,NULL,NULL,NULL,NULL,NULL,NULL,'Active');
INSERT INTO students VALUES(201,211,NULL,NULL,'2026-03-21 04:48:00','2026-03-21 04:48:00',NULL,'THANOUKSAATD',NULL,NULL,NULL,NULL,NULL,NULL,NULL,NULL,NULL,NULL,'Active');
INSERT INTO students VALUES(202,212,NULL,NULL,'2026-03-21 04:48:00','2026-03-21 04:48:00',NULL,'THYCHHAYASIT',NULL,NULL,NULL,NULL,NULL,NULL,NULL,NULL,NULL,NULL,'Active');
INSERT INTO students VALUES(203,213,NULL,NULL,'2026-03-21 04:48:00','2026-03-21 04:48:00',NULL,'THOLFONGLYAT',NULL,NULL,NULL,NULL,NULL,NULL,NULL,NULL,NULL,NULL,'Active');
INSERT INTO students VALUES(204,214,NULL,NULL,'2026-03-21 04:48:00','2026-03-21 04:48:00',NULL,'PRAKPICHNISA',NULL,NULL,NULL,NULL,NULL,NULL,NULL,NULL,NULL,NULL,'Active');
INSERT INTO students VALUES(205,215,NULL,4,'2026-03-21 04:48:00','2026-03-21 04:50:45',NULL,'BROSPETERATD',NULL,NULL,NULL,NULL,NULL,NULL,NULL,NULL,NULL,NULL,'Active');
INSERT INTO students VALUES(206,216,NULL,NULL,'2026-03-21 04:48:00','2026-03-21 04:48:00',NULL,'YAMYONGSINGA',NULL,NULL,NULL,NULL,NULL,NULL,NULL,NULL,NULL,NULL,'Active');
INSERT INTO students VALUES(207,217,NULL,NULL,'2026-03-21 04:48:00','2026-03-21 04:48:00',NULL,'RENSREYRATHA',NULL,NULL,NULL,NULL,NULL,NULL,NULL,NULL,NULL,NULL,'Active');
INSERT INTO students VALUES(208,218,NULL,NULL,'2026-03-21 04:48:00','2026-03-21 04:48:00',NULL,'RYSARAKATDIU',NULL,NULL,NULL,NULL,NULL,NULL,NULL,NULL,NULL,NULL,'Active');
INSERT INTO students VALUES(209,219,NULL,NULL,'2026-03-21 04:48:00','2026-03-21 04:48:00',NULL,'SETHATHYRAVA',NULL,NULL,NULL,NULL,NULL,NULL,NULL,NULL,NULL,NULL,'Active');
INSERT INTO students VALUES(210,220,NULL,NULL,'2026-03-21 04:48:00','2026-03-21 04:48:00',NULL,'HONGKIMCHOUA',NULL,NULL,NULL,NULL,NULL,NULL,NULL,NULL,NULL,NULL,'Active');
INSERT INTO students VALUES(211,221,NULL,NULL,'2026-03-21 04:48:00','2026-03-21 04:48:00',NULL,'CHUMBUNLEAPA',NULL,NULL,NULL,NULL,NULL,NULL,NULL,NULL,NULL,NULL,'Active');
INSERT INTO students VALUES(212,222,NULL,NULL,'2026-03-21 04:48:00','2026-03-21 04:48:00',NULL,'CHHUOKPISEYA',NULL,NULL,NULL,NULL,NULL,NULL,NULL,NULL,NULL,NULL,'Active');
INSERT INTO students VALUES(213,223,NULL,NULL,'2026-03-21 04:48:00','2026-03-21 04:48:00',NULL,'THOCHHONHONG',NULL,NULL,NULL,NULL,NULL,NULL,NULL,NULL,NULL,NULL,'Active');
INSERT INTO students VALUES(214,224,NULL,NULL,'2026-03-21 04:48:00','2026-03-21 04:48:00',NULL,'MENGVANNRAAT',NULL,NULL,NULL,NULL,NULL,NULL,NULL,NULL,NULL,NULL,'Active');
INSERT INTO students VALUES(215,225,NULL,NULL,'2026-03-21 04:48:00','2026-03-21 04:48:00',NULL,'MOMRACHANAAT',NULL,NULL,NULL,NULL,NULL,NULL,NULL,NULL,NULL,NULL,'Active');
INSERT INTO students VALUES(216,226,NULL,NULL,'2026-03-21 04:48:00','2026-03-21 04:48:00',NULL,'ROTHSOPHAVYA',NULL,NULL,NULL,NULL,NULL,NULL,NULL,NULL,NULL,NULL,'Active');
INSERT INTO students VALUES(217,227,NULL,NULL,'2026-03-21 04:48:00','2026-03-21 04:48:00',NULL,'HEANLYHUNATD',NULL,NULL,NULL,NULL,NULL,NULL,NULL,NULL,NULL,NULL,'Active');
INSERT INTO students VALUES(218,228,NULL,NULL,'2026-03-21 04:48:00','2026-03-21 04:48:00',NULL,'HOKIMHOKATDI',NULL,NULL,NULL,NULL,NULL,NULL,NULL,NULL,NULL,NULL,'Active');
INSERT INTO students VALUES(219,229,NULL,NULL,'2026-03-21 04:48:00','2026-03-21 04:48:00',NULL,'HANNARYATDIU',NULL,NULL,NULL,NULL,NULL,NULL,NULL,NULL,NULL,NULL,'Active');
INSERT INTO students VALUES(220,230,NULL,NULL,'2026-03-21 04:48:00','2026-03-21 04:48:00',NULL,'HOEURNSOKHAI',NULL,NULL,NULL,NULL,NULL,NULL,NULL,NULL,NULL,NULL,'Active');
INSERT INTO students VALUES(221,231,NULL,NULL,'2026-03-21 04:48:00','2026-03-21 04:48:00',NULL,'HENGDYNYRACH',NULL,NULL,NULL,NULL,NULL,NULL,NULL,NULL,NULL,NULL,'Active');
INSERT INTO students VALUES(222,232,NULL,NULL,'2026-03-21 04:48:00','2026-03-21 04:48:00',NULL,'OUNMALYATDIU',NULL,NULL,NULL,NULL,NULL,NULL,NULL,NULL,NULL,NULL,'Active');
CREATE TABLE IF NOT EXISTS "media" ("id" integer primary key autoincrement not null, "school_id" integer, "uploaded_by_user_id" integer, "mediable_type" varchar not null, "mediable_id" integer not null, "category" varchar not null default 'general', "disk" varchar not null default 'public', "directory" varchar, "path" varchar not null, "url" text not null, "original_name" varchar not null, "mime_type" varchar, "extension" varchar, "size_bytes" integer, "is_primary" tinyint(1) not null default '0', "metadata" text, "created_at" datetime, "updated_at" datetime, foreign key("school_id") references "schools"("id") on delete set null, foreign key("uploaded_by_user_id") references "users"("id") on delete set null);
CREATE TABLE IF NOT EXISTS "announcements" ("id" integer primary key autoincrement not null, "title" varchar not null, "content" text not null, "date" date not null, "school_id" integer not null, "class_id" integer, "created_at" datetime, "updated_at" datetime, "message" text, "audience" varchar not null default ('All'), "posted_by" integer, "file_attachments" text, "target_role" varchar, "target_user_id" integer, foreign key("posted_by") references users("id") on delete set null on update no action, foreign key("school_id") references schools("id") on delete cascade on update no action, foreign key("class_id") references classes("id") on delete set null on update no action, foreign key("target_user_id") references "users"("id") on delete set null);
INSERT INTO announcements VALUES(2,'Welcome Branch Students','First class starts next Monday.','2026-03-20 00:00:00',2,3,'2026-03-20 15:21:32','2026-03-20 15:21:32',NULL,'All',NULL,NULL,NULL,NULL);
CREATE TABLE IF NOT EXISTS "leaverequest" ("id" integer primary key autoincrement not null, "student_id" integer not null, "subject_id" integer, "request_type" varchar not null, "start_date" date not null, "start_time" time, "reason" text, "status" varchar not null default ('pending'), "submitted_by" integer, "created_at" datetime, "updated_at" datetime, "end_date" date, "end_time" time, "return_date" date, "total_days" integer, "subject_ids" text, "approved_by" integer, "approved_at" datetime, foreign key("submitted_by") references users("id") on delete set null on update no action, foreign key("subject_id") references subjects("id") on delete set null on update no action, foreign key("student_id") references students("id") on delete cascade on update no action, foreign key("approved_by") references "users"("id") on delete set null);
CREATE TABLE IF NOT EXISTS "leave_request_recipients" ("id" integer primary key autoincrement not null, "leave_request_id" integer not null, "user_id" integer not null, "recipient_role" varchar, "created_at" datetime, "updated_at" datetime, foreign key("leave_request_id") references "leaverequest"("id") on delete cascade, foreign key("user_id") references "users"("id") on delete cascade);
CREATE TABLE IF NOT EXISTS "message_reads" ("id" integer primary key autoincrement not null, "message_id" integer not null, "user_id" integer not null, "seen_at" datetime not null, "created_at" datetime, "updated_at" datetime, foreign key("message_id") references "messages"("id") on delete cascade, foreign key("user_id") references "users"("id") on delete cascade);
CREATE TABLE IF NOT EXISTS "attendance" ("id" integer primary key autoincrement not null, "student_id" integer not null, "class_id" integer not null, "date" date not null, "time_start" time not null, "time_end" time, "status" varchar not null, "created_at" datetime, "updated_at" datetime, "enrollment_id" integer, "attendance_date" date, "remarks" varchar, "subject_id" integer, foreign key("enrollment_id") references enrollments("enrollment_id") on delete set null on update no action, foreign key("student_id") references students("id") on delete cascade on update no action, foreign key("class_id") references classes("id") on delete cascade on update no action, foreign key("subject_id") references "subjects"("id") on delete set null);
INSERT INTO attendance VALUES(7,4,4,'2026-03-21','07:00:00','08:00:00','A','2026-03-21 05:01:51','2026-03-21 05:01:51',NULL,NULL,NULL,NULL);
INSERT INTO attendance VALUES(8,33,4,'2026-03-21','07:00:00','08:00:00','P','2026-03-21 05:01:51','2026-03-21 05:01:51',NULL,NULL,NULL,NULL);
INSERT INTO attendance VALUES(9,34,4,'2026-03-21','07:00:00','08:00:00','A','2026-03-21 05:01:51','2026-03-21 05:01:51',NULL,NULL,NULL,NULL);
INSERT INTO attendance VALUES(10,35,4,'2026-03-21','07:00:00','08:00:00','P','2026-03-21 05:01:51','2026-03-21 05:01:51',NULL,NULL,NULL,NULL);
INSERT INTO attendance VALUES(11,58,4,'2026-03-21','07:00:00','08:00:00','A','2026-03-21 05:01:51','2026-03-21 05:01:51',NULL,NULL,NULL,NULL);
INSERT INTO attendance VALUES(12,59,4,'2026-03-21','07:00:00','08:00:00','L','2026-03-21 05:01:51','2026-03-21 05:01:51',NULL,NULL,NULL,NULL);
INSERT INTO attendance VALUES(13,71,4,'2026-03-21','07:00:00','08:00:00','P','2026-03-21 05:01:51','2026-03-21 05:01:51',NULL,NULL,NULL,NULL);
INSERT INTO attendance VALUES(14,94,4,'2026-03-21','07:00:00','08:00:00','P','2026-03-21 05:01:51','2026-03-21 05:01:51',NULL,NULL,NULL,NULL);
INSERT INTO attendance VALUES(15,95,4,'2026-03-21','07:00:00','08:00:00','P','2026-03-21 05:01:51','2026-03-21 05:01:51',NULL,NULL,NULL,NULL);
INSERT INTO attendance VALUES(16,114,4,'2026-03-21','07:00:00','08:00:00','P','2026-03-21 05:01:51','2026-03-21 05:01:51',NULL,NULL,NULL,NULL);
INSERT INTO attendance VALUES(17,121,4,'2026-03-21','07:00:00','08:00:00','P','2026-03-21 05:01:51','2026-03-21 05:01:51',NULL,NULL,NULL,NULL);
INSERT INTO attendance VALUES(18,136,4,'2026-03-21','07:00:00','08:00:00','L','2026-03-21 05:01:51','2026-03-21 05:01:51',NULL,NULL,NULL,NULL);
INSERT INTO attendance VALUES(19,170,4,'2026-03-21','07:00:00','08:00:00','P','2026-03-21 05:01:51','2026-03-21 05:01:51',NULL,NULL,NULL,NULL);
INSERT INTO attendance VALUES(20,177,4,'2026-03-21','07:00:00','08:00:00','P','2026-03-21 05:01:51','2026-03-21 05:01:51',NULL,NULL,NULL,NULL);
INSERT INTO attendance VALUES(21,180,4,'2026-03-21','07:00:00','08:00:00','P','2026-03-21 05:01:51','2026-03-21 05:01:51',NULL,NULL,NULL,NULL);
INSERT INTO attendance VALUES(22,205,4,'2026-03-21','07:00:00','08:00:00','P','2026-03-21 05:01:51','2026-03-21 05:01:51',NULL,NULL,NULL,NULL);
INSERT INTO sqlite_sequence VALUES('migrations',40);
INSERT INTO sqlite_sequence VALUES('roles',5);
INSERT INTO sqlite_sequence VALUES('users',232);
INSERT INTO sqlite_sequence VALUES('academic_years',1);
INSERT INTO sqlite_sequence VALUES('timetables',4);
INSERT INTO sqlite_sequence VALUES('students',222);
INSERT INTO sqlite_sequence VALUES('announcements',2);
INSERT INTO sqlite_sequence VALUES('leaverequest',1);
INSERT INTO sqlite_sequence VALUES('schools',2);
INSERT INTO sqlite_sequence VALUES('classes',4);
INSERT INTO sqlite_sequence VALUES('subjects',14);
INSERT INTO sqlite_sequence VALUES('homeworks',2);
INSERT INTO sqlite_sequence VALUES('homeworkstatus',2);
INSERT INTO sqlite_sequence VALUES('scores',3);
INSERT INTO sqlite_sequence VALUES('leave_request_recipients',2);
INSERT INTO sqlite_sequence VALUES('messages',2);
INSERT INTO sqlite_sequence VALUES('notification',3);
INSERT INTO sqlite_sequence VALUES('incidentreport',1);
INSERT INTO sqlite_sequence VALUES('personal_access_tokens',7);
INSERT INTO sqlite_sequence VALUES('audit_logs',28);
INSERT INTO sqlite_sequence VALUES('attendance',22);
CREATE INDEX "sessions_user_id_index" on "sessions" ("user_id");
CREATE INDEX "sessions_last_activity_index" on "sessions" ("last_activity");
CREATE INDEX "cache_expiration_index" on "cache" ("expiration");
CREATE INDEX "cache_locks_expiration_index" on "cache_locks" ("expiration");
CREATE INDEX "jobs_queue_index" on "jobs" ("queue");
CREATE UNIQUE INDEX "failed_jobs_uuid_unique" on "failed_jobs" ("uuid");
CREATE UNIQUE INDEX "classes_school_name_grade_unique" on "classes" ("school_id", "name", "grade_level");
CREATE INDEX "classes_school_id_index" on "classes" ("school_id");
CREATE UNIQUE INDEX "subjects_school_name_unique" on "subjects" ("school_id", "name");
CREATE INDEX "subjects_school_id_index" on "subjects" ("school_id");
CREATE UNIQUE INDEX "parent_child_parent_student_unique" on "parent_child" ("parent_id", "student_id");
CREATE UNIQUE INDEX "teacher_class_unique" on "teacher_class" ("teacher_id", "class_id", "subject_id");
CREATE INDEX "homeworks_class_id_index" on "homeworks" ("class_id");
CREATE INDEX "homeworks_subject_id_index" on "homeworks" ("subject_id");
CREATE INDEX "homeworks_due_date_index" on "homeworks" ("due_date");
CREATE UNIQUE INDEX "homeworkstatus_homework_student_unique" on "homeworkstatus" ("homework_id", "student_id");
CREATE INDEX "homeworkstatus_status_index" on "homeworkstatus" ("status");
CREATE INDEX "scores_student_id_index" on "scores" ("student_id");
CREATE INDEX "scores_class_id_index" on "scores" ("class_id");
CREATE INDEX "scores_subject_id_index" on "scores" ("subject_id");
CREATE INDEX "scores_student_month_quarter_period_index" on "scores" ("student_id", "month", "quarter", "period");
CREATE INDEX "messages_sender_id_index" on "messages" ("sender_id");
CREATE INDEX "messages_receiver_id_index" on "messages" ("receiver_id");
CREATE INDEX "messages_class_id_index" on "messages" ("class_id");
CREATE INDEX "messages_date_index" on "messages" ("date");
CREATE INDEX "notification_user_id_index" on "notification" ("user_id");
CREATE INDEX "notification_read_status_index" on "notification" ("read_status");
CREATE INDEX "notification_date_index" on "notification" ("date");
CREATE INDEX "incidentreport_student_id_index" on "incidentreport" ("student_id");
CREATE INDEX "incidentreport_type_index" on "incidentreport" ("type");
CREATE INDEX "incidentreport_acknowledged_index" on "incidentreport" ("acknowledged");
CREATE INDEX "incidentreport_date_index" on "incidentreport" ("date");
CREATE INDEX "personal_access_tokens_tokenable_type_tokenable_id_index" on "personal_access_tokens" ("tokenable_type", "tokenable_id");
CREATE UNIQUE INDEX "personal_access_tokens_token_unique" on "personal_access_tokens" ("token");
CREATE INDEX "personal_access_tokens_expires_at_index" on "personal_access_tokens" ("expires_at");
CREATE INDEX "audit_logs_actor_id_created_at_index" on "audit_logs" ("actor_id", "created_at");
CREATE INDEX "audit_logs_school_id_created_at_index" on "audit_logs" ("school_id", "created_at");
CREATE INDEX "audit_logs_actor_role_created_at_index" on "audit_logs" ("actor_role", "created_at");
CREATE INDEX "audit_logs_resource_type_resource_id_index" on "audit_logs" ("resource_type", "resource_id");
CREATE INDEX "audit_logs_method_created_at_index" on "audit_logs" ("method", "created_at");
CREATE INDEX "scores_class_subject_assessment_window_index" on "scores" ("class_id", "subject_id", "assessment_type", "academic_year", "month", "semester");
CREATE INDEX "scores_student_assessment_year_index" on "scores" ("student_id", "assessment_type", "academic_year");
CREATE INDEX "scores_rank_in_class_index" on "scores" ("rank_in_class");
CREATE INDEX "classes_room_index" on "classes" ("room");
CREATE UNIQUE INDEX "roles_role_name_unique" on "roles" ("role_name");
CREATE INDEX "users_role_index" on "users" ("role");
CREATE UNIQUE INDEX "users_school_id_email_unique" on "users" ("school_id", "email");
CREATE INDEX "users_school_id_index" on "users" ("school_id");
CREATE UNIQUE INDEX "users_school_id_user_code_unique" on "users" ("school_id", "user_code");
CREATE INDEX "users_user_code_index" on "users" ("user_code");
CREATE UNIQUE INDEX "users_username_unique" on "users" ("username");
CREATE INDEX "users_role_id_index" on "users" ("role_id");
CREATE UNIQUE INDEX "academic_years_year_name_unique" on "academic_years" ("year_name");
CREATE UNIQUE INDEX "terms_year_term_name_unique" on "terms" ("academic_year_id", "term_name");
CREATE UNIQUE INDEX "teachers_employee_no_unique" on "teachers" ("employee_no");
CREATE UNIQUE INDEX "sections_class_year_name_unique" on "sections" ("class_id", "academic_year_id", "section_name");
CREATE UNIQUE INDEX "teacher_assignments_unique" on "teacher_assignments" ("teacher_id", "subject_id", "section_id");
CREATE UNIQUE INDEX "enrollments_student_year_unique" on "enrollments" ("student_id", "academic_year_id");
CREATE UNIQUE INDEX "enrollments_section_roll_no_unique" on "enrollments" ("section_id", "roll_no");
CREATE UNIQUE INDEX "exam_subjects_exam_subject_unique" on "exam_subjects" ("exam_id", "subject_id");
CREATE UNIQUE INDEX "marks_exam_subject_enrollment_unique" on "marks" ("exam_subject_id", "enrollment_id");
CREATE UNIQUE INDEX "fee_types_fee_name_unique" on "fee_types" ("fee_name");
CREATE UNIQUE INDEX "student_fees_unique" on "student_fees" ("enrollment_id", "fee_type_id", "due_date");
CREATE UNIQUE INDEX "subjects_subject_code_unique" on "subjects" ("subject_code");
CREATE INDEX "timetables_class_day_time_index" on "timetables" ("class_id", "day_of_week", "time_start");
CREATE INDEX "timetables_class_id_index" on "timetables" ("class_id");
CREATE INDEX "timetables_subject_id_index" on "timetables" ("subject_id");
CREATE INDEX "timetables_teacher_id_index" on "timetables" ("teacher_id");
CREATE INDEX "timetables_section_id_index" on "timetables" ("section_id");
CREATE UNIQUE INDEX "guardians_user_id_unique" on "guardians" ("user_id");
CREATE UNIQUE INDEX "teachers_user_id_unique" on "teachers" ("user_id");
CREATE UNIQUE INDEX "schools_school_code_unique" on "schools" ("school_code");
CREATE UNIQUE INDEX "students_admission_no_unique" on "students" ("admission_no");
CREATE INDEX "students_class_id_index" on "students" ("class_id");
CREATE INDEX "students_student_code_index" on "students" ("student_code");
CREATE UNIQUE INDEX "students_student_code_unique" on "students" ("student_code");
CREATE UNIQUE INDEX "students_user_id_unique" on "students" ("user_id");
CREATE INDEX "media_mediable_index" on "media" ("mediable_type", "mediable_id");
CREATE INDEX "media_category_primary_index" on "media" ("category", "is_primary");
CREATE INDEX "media_school_id_index" on "media" ("school_id");
CREATE INDEX "homeworks_due_date_due_time_index" on "homeworks" ("due_date", "due_time");
CREATE INDEX "announcements_class_id_index" on "announcements" ("class_id");
CREATE INDEX "announcements_date_index" on "announcements" ("date");
CREATE INDEX "announcements_school_id_index" on "announcements" ("school_id");
CREATE INDEX "leaverequest_start_date_index" on "leaverequest" ("start_date");
CREATE INDEX "leaverequest_status_index" on "leaverequest" ("status");
CREATE INDEX "leaverequest_student_id_index" on "leaverequest" ("student_id");
CREATE INDEX "leaverequest_subject_id_index" on "leaverequest" ("subject_id");
CREATE UNIQUE INDEX "leave_request_recipient_unique" on "leave_request_recipients" ("leave_request_id", "user_id");
CREATE INDEX "leave_request_recipient_user_index" on "leave_request_recipients" ("user_id");
CREATE UNIQUE INDEX "message_reads_message_user_unique" on "message_reads" ("message_id", "user_id");
CREATE INDEX "message_reads_user_seen_index" on "message_reads" ("user_id", "seen_at");
CREATE INDEX "attendance_class_date_index" on "attendance" ("class_id", "date");
CREATE UNIQUE INDEX "attendance_enrollment_date_unique" on "attendance" ("enrollment_id", "attendance_date");
CREATE INDEX "attendance_enrollment_id_index" on "attendance" ("enrollment_id");
CREATE INDEX "attendance_student_date_index" on "attendance" ("student_id", "date");
CREATE INDEX "attendance_subject_date_index" on "attendance" ("subject_id", "date");
CREATE UNIQUE INDEX "attendance_student_class_date_start_subject_unique" on "attendance" ("student_id", "class_id", "date", "time_start", "subject_id");
COMMIT;
